{
    "name": "root",
    "gauges": {
        "SnakeAgent.Policy.Entropy.mean": {
            "value": 0.7586888670921326,
            "min": 0.7586888670921326,
            "max": 0.7586888670921326,
            "count": 1
        },
        "SnakeAgent.Policy.Entropy.sum": {
            "value": 874.0095825195312,
            "min": 874.0095825195312,
            "max": 874.0095825195312,
            "count": 1
        },
        "SnakeAgent.Environment.EpisodeLength.mean": {
            "value": 73.6,
            "min": 73.6,
            "max": 73.6,
            "count": 1
        },
        "SnakeAgent.Environment.EpisodeLength.sum": {
            "value": 368.0,
            "min": 368.0,
            "max": 368.0,
            "count": 1
        },
        "SnakeAgent.Step.mean": {
            "value": 800993.0,
            "min": 800993.0,
            "max": 800993.0,
            "count": 1
        },
        "SnakeAgent.Step.sum": {
            "value": 800993.0,
            "min": 800993.0,
            "max": 800993.0,
            "count": 1
        },
        "SnakeAgent.Policy.ExtrinsicValue.mean": {
            "value": 5.9070940017700195,
            "min": 5.9070940017700195,
            "max": 5.9070940017700195,
            "count": 1
        },
        "SnakeAgent.Policy.ExtrinsicValue.sum": {
            "value": 88.60640716552734,
            "min": 88.60640716552734,
            "max": 88.60640716552734,
            "count": 1
        },
        "SnakeAgent.Environment.CumulativeReward.mean": {
            "value": 18.09165585041046,
            "min": 18.09165585041046,
            "max": 18.09165585041046,
            "count": 1
        },
        "SnakeAgent.Environment.CumulativeReward.sum": {
            "value": 90.45827925205231,
            "min": 90.45827925205231,
            "max": 90.45827925205231,
            "count": 1
        },
        "SnakeAgent.Policy.ExtrinsicReward.mean": {
            "value": 18.09165585041046,
            "min": 18.09165585041046,
            "max": 18.09165585041046,
            "count": 1
        },
        "SnakeAgent.Policy.ExtrinsicReward.sum": {
            "value": 90.45827925205231,
            "min": 90.45827925205231,
            "max": 90.45827925205231,
            "count": 1
        },
        "SnakeAgent.IsTraining.mean": {
            "value": 1.0,
            "min": 1.0,
            "max": 1.0,
            "count": 1
        },
        "SnakeAgent.IsTraining.sum": {
            "value": 1.0,
            "min": 1.0,
            "max": 1.0,
            "count": 1
        }
    },
    "metadata": {
        "timer_format_version": "0.1.0",
        "start_time_seconds": "1739955726",
        "python_version": "3.10.12 | packaged by Anaconda, Inc. | (main, Jul  5 2023, 19:01:18) [MSC v.1916 64 bit (AMD64)]",
        "command_line_arguments": "C:\\Users\\Anders\\miniconda3\\envs\\mlagents\\Scripts\\mlagents-learn config/SnakeAgent.yaml --run-id=MTB_SnakeGun_SAC_NewTry3 --resume",
        "mlagents_version": "1.1.0",
        "mlagents_envs_version": "1.1.0",
        "communication_protocol_version": "1.5.0",
        "pytorch_version": "2.2.2+cu121",
        "numpy_version": "1.23.5",
        "end_time_seconds": "1739955835"
    },
    "total": 109.28332350001438,
    "count": 1,
    "self": 0.03090479999082163,
    "children": {
        "run_training.setup": {
            "total": 0.19854419998591766,
            "count": 1,
            "self": 0.19854419998591766
        },
        "TrainerController.start_learning": {
            "total": 109.05387450003764,
            "count": 1,
            "self": 0.005645400087814778,
            "children": {
                "TrainerController._reset_env": {
                    "total": 18.70102609996684,
                    "count": 1,
                    "self": 18.70102609996684
                },
                "TrainerController.advance": {
                    "total": 89.52134330000263,
                    "count": 223,
                    "self": 0.006136799638625234,
                    "children": {
                        "env_step": {
                            "total": 89.08171500021126,
                            "count": 223,
                            "self": 86.5938782003359,
                            "children": {
                                "SubprocessEnvManager._take_step": {
                                    "total": 2.4828811998595484,
                                    "count": 223,
                                    "self": 0.020236200012732297,
                                    "children": {
                                        "TorchPolicy.evaluate": {
                                            "total": 2.462644999846816,
                                            "count": 217,
                                            "self": 2.462644999846816
                                        }
                                    }
                                },
                                "workers": {
                                    "total": 0.004955600015819073,
                                    "count": 222,
                                    "self": 0.0,
                                    "children": {
                                        "worker_root": {
                                            "total": 27.616080799838528,
                                            "count": 222,
                                            "is_parallel": true,
                                            "self": 7.203449399967212,
                                            "children": {
                                                "steps_from_proto": {
                                                    "total": 0.0671415000106208,
                                                    "count": 1,
                                                    "is_parallel": true,
                                                    "self": 0.0003030999796465039,
                                                    "children": {
                                                        "_process_maybe_compressed_observation": {
                                                            "total": 0.06375640002079308,
                                                            "count": 2,
                                                            "is_parallel": true,
                                                            "self": 0.00021069991635158658,
                                                            "children": {
                                                                "_observation_to_np_array": {
                                                                    "total": 0.0635457001044415,
                                                                    "count": 9,
                                                                    "is_parallel": true,
                                                                    "self": 0.00023520004469901323,
                                                                    "children": {
                                                                        "process_pixels": {
                                                                            "total": 0.06331050005974248,
                                                                            "count": 9,
                                                                            "is_parallel": true,
                                                                            "self": 0.0033071000943891704,
                                                                            "children": {
                                                                                "image_decompress": {
                                                                                    "total": 0.06000339996535331,