{
    "name": "root",
    "gauges": {
        "SnakeAgent.Policy.Entropy.mean": {
            "value": 0.8136284947395325,
            "min": 0.7851551175117493,
            "max": 0.9450157880783081,
            "count": 37
        },
        "SnakeAgent.Policy.Entropy.sum": {
            "value": 864.073486328125,
            "min": 710.6007080078125,
            "max": 1036.848388671875,
            "count": 37
        },
        "SnakeAgent.Environment.EpisodeLength.mean": {
            "value": 210.0,
            "min": 78.75,
            "max": 295.0,
            "count": 37
        },
        "SnakeAgent.Environment.EpisodeLength.sum": {
            "value": 630.0,
            "min": 193.0,
            "max": 1852.0,
            "count": 37
        },
        "SnakeAgent.Step.mean": {
            "value": 909960.0,
            "min": 873994.0,
            "max": 909960.0,
            "count": 37
        },
        "SnakeAgent.Step.sum": {
            "value": 909960.0,
            "min": 873994.0,
            "max": 909960.0,
            "count": 37
        },
        "SnakeAgent.Policy.ExtrinsicValue.mean": {
            "value": 7.911789894104004,
            "min": 5.118058204650879,
            "max": 8.165635108947754,
            "count": 37
        },
        "SnakeAgent.Policy.ExtrinsicValue.sum": {
            "value": 134.50042724609375,
            "min": 82.73374938964844,
            "max": 146.98143005371094,
            "count": 37
        },
        "SnakeAgent.Environment.CumulativeReward.mean": {
            "value": 121.1146445274353,
            "min": 41.795039769262075,
            "max": 182.6640740633011,
            "count": 37
        },
        "SnakeAgent.Environment.CumulativeReward.sum": {
            "value": 484.4585781097412,
            "min": 56.633267402648926,
            "max": 1038.9328600615263,
            "count": 37
        },
        "SnakeAgent.Policy.ExtrinsicReward.mean": {
            "value": 121.1146445274353,
            "min": 41.795039769262075,
            "max": 182.6640740633011,
            "count": 37
        },
        "SnakeAgent.Policy.ExtrinsicReward.sum": {
            "value": 484.4585781097412,
            "min": 56.633267402648926,
            "max": 1038.9328600615263,
            "count": 37
        },
        "SnakeAgent.IsTraining.mean": {
            "value": 1.0,
            "min": 1.0,
            "max": 1.0,
            "count": 37
        },
        "SnakeAgent.IsTraining.sum": {
            "value": 1.0,
            "min": 1.0,
            "max": 1.0,
            "count": 37
        },
        "SnakeAgent.Losses.PolicyLoss.mean": {
            "value": -7.708999448776245,
            "min": -7.708999448776245,
            "max": -6.254666012234238,
            "count": 27
        },
        "SnakeAgent.Losses.PolicyLoss.sum": {
            "value": -770.8999448776245,
            "min": -802.1442489033653,
            "max": -387.1575290760092,
            "count": 27
        },
        "SnakeAgent.Losses.ValueLoss.mean": {
            "value": 0.4846813073491766,
            "min": 0.2871398183705523,
            "max": 0.7735601448799846,
            "count": 27
        },
        "SnakeAgent.Losses.ValueLoss.sum": {
            "value": 48.46813073491766,
            "min": 28.71398183705523,
            "max": 48.46813073491766,
            "count": 27
        },
        "SnakeAgent.Losses.Q1Loss.mean": {
            "value": 1.4398412144794352,
            "min": 1.071369274887217,
            "max": 2.806372250562357,
            "count": 27
        },
        "SnakeAgent.Losses.Q1Loss.sum": {
            "value": 143.98412144794352,
            "min": 109.27966603849615,
            "max": 183.86236638715084,
            "count": 27
        },
        "SnakeAgent.Losses.Q2Loss.mean": {
            "value": 1.4929942472747393,
            "min": 1.1320687795567468,
            "max": 2.802779706044526,
            "count": 27
        },
        "SnakeAgent.Losses.Q2Loss.sum": {
            "value": 149.29942472747393,
            "min": 113.82868848755244,
            "max": 187.67447534684632,
            "count": 27
        },
        "SnakeAgent.Policy.ContinuousEntropyCoeff.mean": {
            "value": 0.019613502433035702,
            "min": 0.01861520919861024,
            "max": 0.02963377744856241,
            "count": 27
        },
        "SnakeAgent.Policy.ContinuousEntropyCoeff.sum": {
            "value": 1.96135024330357,
            "min": 1.7483928694651822,
            "max": 2.933596018800931,
            "count": 27
        },
        "SnakeAgent.Policy.LearningRate.mean": {
            "value": 0.00030000000000000003,
            "min": 0.0002999999999999999,
            "max": 0.0003000000000000001,
            "count": 27
        },
        "SnakeAgent.Policy.LearningRate.sum": {
            "value": 0.030000000000000002,
            "min": 0.017700000000000004,
            "max": 0.031799999999999995,
            "count": 27
        }
    },
    "metadata": {
        "timer_format_version": "0.1.0",
        "start_time_seconds": "1739959096",
        "python_version": "3.10.12 | packaged by Anaconda, Inc. | (main, Jul  5 2023, 19:01:18) [MSC v.1916 64 bit (AMD64)]",
        "command_line_arguments": "C:\\Users\\Anders\\miniconda3\\envs\\mlagents\\Scripts\\mlagents-learn config/SnakeAgent.yaml --run-id=MTB_SnakeGun_SAC_NewTry3 --resume",
        "mlagents_version": "1.1.0",
        "mlagents_envs_version": "1.1.0",
        "communication_protocol_version": "1.5.0",
        "pytorch_version": "2.2.2+cu121",
        "numpy_version": "1.23.5",
        "end_time_seconds": "1739959986"
    },
    "total": 890.034863399982,
    "count": 1,
    "self": 0.01559530000668019,
    "children": {
        "run_training.setup": {
            "total": 0.2179003999917768,
            "count": 1,
            "self": 0.2179003999917768
        },
        "TrainerController.start_learning": {
            "total": 889.8013676999835,
            "count": 1,
            "self": 0.11869969865074381,
            "children": {
                "TrainerController._reset_env": {
                    "total": 11.468348199967295,
                    "count": 1,
                    "self": 11.468348199967295
                },
                "TrainerController.advance": {
                    "total": 877.0625337013626,
                    "count": 4359,
                    "self": 0.12231939937919378,
                    "children": {
                        "env_step": {
                            "total": 646.5032397019677,
                            "count": 4359,
                            "self": 622.074199700146,
                            "children": {
                                "SubprocessEnvManager._take_step": {
                                    "total": 24.319846100057475,
                                    "count": 4360,
                                    "self": 0.40896639827406034,
                                    "children": {
                                        "TorchPolicy.evaluate": {
                                            "total": 23.910879701783415,
                                            "count": 4226,
                                            "self": 23.910879701783415
                                        }
                                    }
                                },
                                "workers": {
                                    "total": 0.10919390176422894,
                                    "count": 4358,
                                    "self": 0.0,
                                    "children": {
                                        "worker_root": {
                                            "total": 781.564625899191,
                                            "count": 4358,
                                            "is_parallel": true,