{
    "name": "root",
    "gauges": {
        "SnakeAgent.Policy.Entropy.mean": {
            "value": 1.222110629081726,
            "min": 1.222110390663147,
            "max": 1.222110629081726,
            "count": 7
        },
        "SnakeAgent.Policy.Entropy.sum": {
            "value": 1300.32568359375,
            "min": 114.87837982177734,
            "max": 1300.32568359375,
            "count": 7
        },
        "SnakeAgent.Environment.EpisodeLength.mean": {
            "value": 9.303030303030303,
            "min": 9.303030303030303,
            "max": 22.5,
            "count": 7
        },
        "SnakeAgent.Environment.EpisodeLength.sum": {
            "value": 921.0,
            "min": 90.0,
            "max": 941.0,
            "count": 7
        },
        "SnakeAgent.Step.mean": {
            "value": 587987.0,
            "min": 581987.0,
            "max": 587987.0,
            "count": 7
        },
        "SnakeAgent.Step.sum": {
            "value": 587987.0,
            "min": 581987.0,
            "max": 587987.0,
            "count": 7
        },
        "SnakeAgent.Policy.ExtrinsicValueEstimate.mean": {
            "value": 1.621259331703186,
            "min": 1.5576012134552002,
            "max": 1.747997760772705,
            "count": 7
        },
        "SnakeAgent.Policy.ExtrinsicValueEstimate.sum": {
            "value": 163.7471923828125,
            "min": 5.243993282318115,
            "max": 163.7471923828125,
            "count": 7
        },
        "SnakeAgent.Environment.CumulativeReward.mean": {
            "value": 0.30303030303030304,
            "min": 0.30303030303030304,
            "max": 0.5223880597014925,
            "count": 7
        },
        "SnakeAgent.Environment.CumulativeReward.sum": {
            "value": 30.0,
            "min": 1.0,
            "max": 35.0,
            "count": 7
        },
        "SnakeAgent.Policy.ExtrinsicReward.mean": {
            "value": 0.30303030303030304,
            "min": 0.30303030303030304,
            "max": 0.5223880597014925,
            "count": 7
        },
        "SnakeAgent.Policy.ExtrinsicReward.sum": {
            "value": 30.0,
            "min": 1.0,
            "max": 35.0,
            "count": 7
        },
        "SnakeAgent.IsTraining.mean": {
            "value": 1.0,
            "min": 1.0,
            "max": 1.0,
            "count": 7
        },
        "SnakeAgent.IsTraining.sum": {
            "value": 1.0,
            "min": 1.0,
            "max": 1.0,
            "count": 7
        }
    },
    "metadata": {
        "timer_format_version": "0.1.0",
        "start_time_seconds": "1739521019",
        "python_version": "3.10.12 | packaged by Anaconda, Inc. | (main, Jul  5 2023, 19:01:18) [MSC v.1916 64 bit (AMD64)]",
        "command_line_arguments": "C:\\Users\\thorb\\Anaconda3\\envs\\mlagents\\Scripts\\mlagents-learn config/SnakeAgent.yaml --run-id=NewSnake --resume",
        "mlagents_version": "1.1.0",
        "mlagents_envs_version": "1.1.0",
        "communication_protocol_version": "1.5.0",
        "pytorch_version": "2.2.2+cu121",
        "numpy_version": "1.23.5",
        "end_time_seconds": "1739523534"
    },
    "total": 2514.9428061,
    "count": 1,
    "self": 0.017362699999011966,
    "children": {
        "run_training.setup": {
            "total": 0.1655972000003203,
            "count": 1,
            "self": 0.1655972000003203
        },
        "TrainerController.start_learning": {
            "total": 2514.7598462000005,
            "count": 1,
            "self": 0.19144390000519707,
            "children": {
                "TrainerController._reset_env": {
                    "total": 12.895854999999756,
                    "count": 1,
                    "self": 12.895854999999756
                },
                "TrainerController.advance": {
                    "total": 2500.978365599995,
                    "count": 7064,
                    "self": 0.1723029999748178,
                    "children": {
                        "env_step": {
                            "total": 2489.0962104000037,
                            "count": 7064,
                            "self": 2454.5343474999777,
                            "children": {
                                "SubprocessEnvManager._take_step": {
                                    "total": 34.39967660003185,
                                    "count": 7065,
                                    "self": 0.5971689000398328,
                                    "children": {
                                        "TorchPolicy.evaluate": {
                                            "total": 33.80250769999202,
                                            "count": 6631,
                                            "self": 33.80250769999202
                                        }
                                    }
                                },
                                "workers": {
                                    "total": 0.1621862999941186,
                                    "count": 7063,
                                    "self": 0.0,
                                    "children": {
                                        "worker_root": {
                                            "total": 418.5854525999898,
                                            "count": 7063,
                                            "is_parallel": true,
                                            "self": 58.10961480000742,
                                            "children": {
                                                "steps_from_proto": {
                                                    "total": 0.05576909999990676,
                                                    "count": 2,
                                                    "is_parallel": true,
                                                    "self": 0.0002911999995376391,
                                                    "children": {
                                                        "_process_maybe_compressed_observation": {
                                                            "total": 0.05394220000016503,
                                                            "count": 4,
                                                            "is_parallel": true,
                                                            "self": 6.709999979648273e-05,
                                                            "children": {
                                                                "_observation_to_np_array": {
                                                                    "total": 0.05387510000036855,
                                                                    "count": 2,
                                                                    "is_parallel": true,
                                                                    "self": 7.570000025225454e-05,
                                                                    "children": {
                                                                        "process_pixels": {
                                                                            "total": 0.05379940000011629,
                                                                            "count": 2,
                                                                            "is_parallel": true,
                                                                            "self": 0.0016245000001617882,
                                                                            "children": {
                                                                                "image_decompress": {
                                                                                    "total": 0.052174899999954505,
                                                                                    "count": 2,