{
    "name": "root",
    "gauges": {
        "SnakeAgent.Policy.Entropy.mean": {
            "value": 1.405662178993225,
            "min": 1.405662178993225,
            "max": 1.435383677482605,
            "count": 49
        },
        "SnakeAgent.Policy.Entropy.sum": {
            "value": 1378.95458984375,
            "min": 826.781005859375,
            "max": 1653.56201171875,
            "count": 49
        },
        "SnakeAgent.Environment.EpisodeLength.mean": {
            "value": 68.85,
            "min": 25.11111111111111,
            "max": 109.0,
            "count": 49
        },
        "SnakeAgent.Environment.EpisodeLength.sum": {
            "value": 1377.0,
            "min": 226.0,
            "max": 1377.0,
            "count": 49
        },
        "SnakeAgent.Step.mean": {
            "value": 275949.0,
            "min": 227936.0,
            "max": 275949.0,
            "count": 49
        },
        "SnakeAgent.Step.sum": {
            "value": 275949.0,
            "min": 227936.0,
            "max": 275949.0,
            "count": 49
        },
        "SnakeAgent.Policy.ExtrinsicValueEstimate.mean": {
            "value": 0.18239906430244446,
            "min": 0.06571852415800095,
            "max": 0.26571202278137207,
            "count": 49
        },
        "SnakeAgent.Policy.ExtrinsicValueEstimate.sum": {
            "value": 4.74237585067749,
            "min": 0.6975647211074829,
            "max": 6.37708854675293,
            "count": 49
        },
        "SnakeAgent.Environment.CumulativeReward.mean": {
            "value": 0.15789473684210525,
            "min": 0.0,
            "max": 1.0,
            "count": 49
        },
        "SnakeAgent.Environment.CumulativeReward.sum": {
            "value": 3.0,
            "min": 0.0,
            "max": 12.0,
            "count": 49
        },
        "SnakeAgent.Policy.ExtrinsicReward.mean": {
            "value": 0.15789473684210525,
            "min": 0.0,
            "max": 1.0,
            "count": 49
        },
        "SnakeAgent.Policy.ExtrinsicReward.sum": {
            "value": 3.0,
            "min": 0.0,
            "max": 12.0,
            "count": 49
        },
        "SnakeAgent.IsTraining.mean": {
            "value": 1.0,
            "min": 1.0,
            "max": 1.0,
            "count": 49
        },
        "SnakeAgent.IsTraining.sum": {
            "value": 1.0,
            "min": 1.0,
            "max": 1.0,
            "count": 49
        },
        "SnakeAgent.Losses.PolicyLoss.mean": {
            "value": 0.09731303503115972,
            "min": 0.09342210112450024,
            "max": 0.10887378635816276,
            "count": 7
        },
        "SnakeAgent.Losses.PolicyLoss.sum": {
            "value": 0.09731303503115972,
            "min": 0.09342210112450024,
            "max": 0.10887378635816276,
            "count": 7
        },
        "SnakeAgent.Losses.ValueLoss.mean": {
            "value": 0.055247642304748296,
            "min": 0.0293468380253762,
            "max": 0.055247642304748296,
            "count": 7
        },
        "SnakeAgent.Losses.ValueLoss.sum": {
            "value": 0.055247642304748296,
            "min": 0.0293468380253762,
            "max": 0.055247642304748296,
            "count": 7
        },
        "SnakeAgent.Policy.LearningRate.mean": {
            "value": 0.0001364358545214,
            "min": 0.0001364358545214,
            "max": 0.0001595742468086,
            "count": 7
        },
        "SnakeAgent.Policy.LearningRate.sum": {
            "value": 0.0001364358545214,
            "min": 0.0001364358545214,
            "max": 0.0001595742468086,
            "count": 7
        },
        "SnakeAgent.Policy.Epsilon.mean": {
            "value": 0.14547860000000004,
            "min": 0.14547860000000004,
            "max": 0.15319140000000003,
            "count": 7
        },
        "SnakeAgent.Policy.Epsilon.sum": {
            "value": 0.14547860000000004,
            "min": 0.14547860000000004,
            "max": 0.15319140000000003,
            "count": 7
        },
        "SnakeAgent.Policy.Beta.mean": {
            "value": 0.0005000000000000001,
            "min": 0.0005000000000000001,
            "max": 0.0005000000000000001,
            "count": 7
        },
        "SnakeAgent.Policy.Beta.sum": {
            "value": 0.0005000000000000001,
            "min": 0.0005000000000000001,
            "max": 0.0005000000000000001,
            "count": 7
        }
    },
    "metadata": {
        "timer_format_version": "0.1.0",
        "start_time_seconds": "1739523474",
        "python_version": "3.10.12 | packaged by Anaconda, Inc. | (main, Jul  5 2023, 19:01:18) [MSC v.1916 64 bit (AMD64)]",
        "command_line_arguments": "C:\\Users\\Anders\\miniconda3\\envs\\mlagents\\Scripts\\mlagents-learn config/SnakeAgent.yaml --run-id=NewSnake --resume",
        "mlagents_version": "1.1.0",
        "mlagents_envs_version": "1.1.0",
        "communication_protocol_version": "1.5.0",
        "pytorch_version": "2.2.2+cu121",
        "numpy_version": "1.23.5",
        "end_time_seconds": "1739524079"
    },
    "total": 605.0677742999997,
    "count": 1,
    "self": 0.037457399999766494,
    "children": {
        "run_training.setup": {
            "total": 0.16856019999977434,
            "count": 1,
            "self": 0.16856019999977434
        },
        "TrainerController.start_learning": {
            "total": 604.8617567000001,
            "count": 1,
            "self": 0.1765421999866703,
            "children": {
                "TrainerController._reset_env": {
                    "total": 15.793730500000038,
                    "count": 1,
                    "self": 15.793730500000038
                },
                "TrainerController.advance": {
                    "total": 587.9562615000132,
                    "count": 5962,
                    "self": 0.18039680003357716,
                    "children": {
                        "env_step": {
                            "total": 527.5275103999829,
                            "count": 5962,
                            "self": 499.1438105999773,
                            "children": {
                                "SubprocessEnvManager._take_step": {
                                    "total": 28.228299400015203,
                                    "count": 5962,
                                    "self": 0.56190110002035,
                                    "children": {
                                        "TorchPolicy.evaluate": {
                                            "total": 27.666398299994853,
                                            "count": 5495,
                                            "self": 27.666398299994853
                                        }
                                    }
                                },
                                "workers": {
                                    "total": 0.15540039999041255,
                                    "count": 5961,
                                    "self": 0.0,
                                    "children": {
                                        "worker_root": {
                                            "total": 525.4631203999761,
                                            "count": 5961,
                                            "is_parallel": true,
                                            "self": 103.30260849999786,
                                            "children": {
                                                "steps_from_proto": {
                                                    "total": 0.050768000000061875,
                                                    "count": 1,
                                                    "is_parallel": true,
                                                    "self": 0.00023839999994379468,