{
    "name": "root",
    "gauges": {
        "SnakeAgent.Policy.Entropy.mean": {
            "value": 1.4388396739959717,
            "min": 1.438498616218567,
            "max": 1.443203091621399,
            "count": 26
        },
        "SnakeAgent.Policy.Entropy.sum": {
            "value": 1346.75390625,
            "min": 828.5751953125,
            "max": 1739.456298828125,
            "count": 26
        },
        "SnakeAgent.Environment.EpisodeLength.mean": {
            "value": 39.291666666666664,
            "min": 15.0,
            "max": 61.529411764705884,
            "count": 26
        },
        "SnakeAgent.Environment.EpisodeLength.sum": {
            "value": 943.0,
            "min": 135.0,
            "max": 1237.0,
            "count": 26
        },
        "SnakeAgent.Step.mean": {
            "value": 226949.0,
            "min": 201991.0,
            "max": 226949.0,
            "count": 26
        },
        "SnakeAgent.Step.sum": {
            "value": 226949.0,
            "min": 201991.0,
            "max": 226949.0,
            "count": 26
        },
        "SnakeAgent.Policy.ExtrinsicValueEstimate.mean": {
            "value": 0.13203446567058563,
            "min": -0.09200603514909744,
            "max": 0.13203446567058563,
            "count": 26
        },
        "SnakeAgent.Policy.ExtrinsicValueEstimate.sum": {
            "value": 3.961033821105957,
            "min": -3.4042232036590576,
            "max": 3.961033821105957,
            "count": 26
        },
        "SnakeAgent.Environment.CumulativeReward.mean": {
            "value": 0.16666666666666666,
            "min": 0.0,
            "max": 0.32142857142857145,
            "count": 26
        },
        "SnakeAgent.Environment.CumulativeReward.sum": {
            "value": 4.0,
            "min": 0.0,
            "max": 9.0,
            "count": 26
        },
        "SnakeAgent.Policy.ExtrinsicReward.mean": {
            "value": 0.16666666666666666,
            "min": 0.0,
            "max": 0.32142857142857145,
            "count": 26
        },
        "SnakeAgent.Policy.ExtrinsicReward.sum": {
            "value": 4.0,
            "min": 0.0,
            "max": 9.0,
            "count": 26
        },
        "SnakeAgent.IsTraining.mean": {
            "value": 1.0,
            "min": 1.0,
            "max": 1.0,
            "count": 26
        },
        "SnakeAgent.IsTraining.sum": {
            "value": 1.0,
            "min": 1.0,
            "max": 1.0,
            "count": 26
        },
        "SnakeAgent.Losses.PolicyLoss.mean": {
            "value": 0.10810312730260194,
            "min": 0.09769252648349643,
            "max": 0.10810312730260194,
            "count": 3
        },
        "SnakeAgent.Losses.PolicyLoss.sum": {
            "value": 0.10810312730260194,
            "min": 0.09769252648349643,
            "max": 0.10810312730260194,
            "count": 3
        },
        "SnakeAgent.Losses.ValueLoss.mean": {
            "value": 0.025343546364456414,
            "min": 0.025343546364456414,
            "max": 0.048460930017754436,
            "count": 3
        },
        "SnakeAgent.Losses.ValueLoss.sum": {
            "value": 0.025343546364456414,
            "min": 0.025343546364456414,
            "max": 0.048460930017754436,
            "count": 3
        },
        "SnakeAgent.Policy.LearningRate.mean": {
            "value": 0.0001672788442404,
            "min": 0.0001672788442404,
            "max": 0.00017503084165640005,
            "count": 3
        },
        "SnakeAgent.Policy.LearningRate.sum": {
            "value": 0.0001672788442404,
            "min": 0.0001672788442404,
            "max": 0.00017503084165640005,
            "count": 3
        },
        "SnakeAgent.Policy.Epsilon.mean": {
            "value": 0.1557596,
            "min": 0.1557596,
            "max": 0.15834360000000003,
            "count": 3
        },
        "SnakeAgent.Policy.Epsilon.sum": {
            "value": 0.1557596,
            "min": 0.1557596,
            "max": 0.15834360000000003,
            "count": 3
        },
        "SnakeAgent.Policy.Beta.mean": {
            "value": 0.0005000000000000001,
            "min": 0.0005000000000000001,
            "max": 0.0005000000000000001,
            "count": 3
        },
        "SnakeAgent.Policy.Beta.sum": {
            "value": 0.0005000000000000001,
            "min": 0.0005000000000000001,
            "max": 0.0005000000000000001,
            "count": 3
        }
    },
    "metadata": {
        "timer_format_version": "0.1.0",
        "start_time_seconds": "1739521551",
        "python_version": "3.10.12 | packaged by Anaconda, Inc. | (main, Jul  5 2023, 19:01:18) [MSC v.1916 64 bit (AMD64)]",
        "command_line_arguments": "C:\\Users\\Anders\\miniconda3\\envs\\mlagents\\Scripts\\mlagents-learn config/SnakeAgent.yaml --run-id=NewSnake --resume",
        "mlagents_version": "1.1.0",
        "mlagents_envs_version": "1.1.0",
        "communication_protocol_version": "1.5.0",
        "pytorch_version": "2.2.2+cu121",
        "numpy_version": "1.23.5",
        "end_time_seconds": "1739522109"
    },
    "total": 557.9259958000001,
    "count": 1,
    "self": 0.019644200000243472,
    "children": {
        "run_training.setup": {
            "total": 0.18224129999998695,
            "count": 1,
            "self": 0.18224129999998695
        },
        "TrainerController.start_learning": {
            "total": 557.7241102999999,
            "count": 1,
            "self": 0.15846300000418978,
            "children": {
                "TrainerController._reset_env": {
                    "total": 26.326568599999973,
                    "count": 1,
                    "self": 26.326568599999973
                },
                "TrainerController.advance": {
                    "total": 530.5644539999956,
                    "count": 3291,
                    "self": 0.17886490000500999,
                    "children": {
                        "env_step": {
                            "total": 470.994350499996,
                            "count": 3291,
                            "self": 448.79049249999457,
                            "children": {
                                "SubprocessEnvManager._take_step": {
                                    "total": 22.060662999996453,
                                    "count": 3291,
                                    "self": 0.46716439999431714,
                                    "children": {
                                        "TorchPolicy.evaluate": {
                                            "total": 21.593498600002135,
                                            "count": 2881,
                                            "self": 21.593498600002135
                                        }
                                    }
                                },
                                "workers": {
                                    "total": 0.14319500000499374,
                                    "count": 3290,
                                    "self": 0.0,
                                    "children": {
                                        "worker_root": {
                                            "total": 455.6764822000058,
                                            "count": 3290,
                                            "is_parallel": true,
                                            "self": 83.7059587000042,
                                            "children": {
                                                "steps_from_proto": {
                                                    "total": 0.051384299999995164,
                                                    "count": 1,
                                                    "is_parallel": true,
                                                    "self": 0.0003765999999814085,