{
    "name": "root",
    "gauges": {
        "SnakeAgent.Policy.Entropy.mean": {
            "value": 1.2117176055908203,
            "min": 1.2117176055908203,
            "max": 1.2117176055908203,
            "count": 2
        },
        "SnakeAgent.Policy.Entropy.sum": {
            "value": 1235.951904296875,
            "min": 236.28492736816406,
            "max": 1235.951904296875,
            "count": 2
        },
        "SnakeAgent.Environment.EpisodeLength.mean": {
            "value": 3.475336322869955,
            "min": 2.227272727272727,
            "max": 3.475336322869955,
            "count": 2
        },
        "SnakeAgent.Environment.EpisodeLength.sum": {
            "value": 775.0,
            "min": 98.0,
            "max": 775.0,
            "count": 2
        },
        "SnakeAgent.Step.mean": {
            "value": 596998.0,
            "min": 595998.0,
            "max": 596998.0,
            "count": 2
        },
        "SnakeAgent.Step.sum": {
            "value": 596998.0,
            "min": 595998.0,
            "max": 596998.0,
            "count": 2
        },
        "SnakeAgent.Policy.ExtrinsicValueEstimate.mean": {
            "value": 0.37713345885276794,
            "min": 0.3443332612514496,
            "max": 0.37713345885276794,
            "count": 2
        },
        "SnakeAgent.Policy.ExtrinsicValueEstimate.sum": {
            "value": 84.10076141357422,
            "min": 14.806329727172852,
            "max": 84.10076141357422,
            "count": 2
        },
        "SnakeAgent.Environment.CumulativeReward.mean": {
            "value": -2.977578475336323,
            "min": -2.977578475336323,
            "max": -2.953488372093023,
            "count": 2
        },
        "SnakeAgent.Environment.CumulativeReward.sum": {
            "value": -664.0,
            "min": -664.0,
            "max": -127.0,
            "count": 2
        },
        "SnakeAgent.Policy.ExtrinsicReward.mean": {
            "value": -2.977578475336323,
            "min": -2.977578475336323,
            "max": -2.953488372093023,
            "count": 2
        },
        "SnakeAgent.Policy.ExtrinsicReward.sum": {
            "value": -664.0,
            "min": -664.0,
            "max": -127.0,
            "count": 2
        },
        "SnakeAgent.IsTraining.mean": {
            "value": 1.0,
            "min": 1.0,
            "max": 1.0,
            "count": 2
        },
        "SnakeAgent.IsTraining.sum": {
            "value": 1.0,
            "min": 1.0,
            "max": 1.0,
            "count": 2
        }
    },
    "metadata": {
        "timer_format_version": "0.1.0",
        "start_time_seconds": "1739536826",
        "python_version": "3.10.12 | packaged by Anaconda, Inc. | (main, Jul  5 2023, 19:01:18) [MSC v.1916 64 bit (AMD64)]",
        "command_line_arguments": "C:\\Users\\Anders\\miniconda3\\envs\\mlagents\\Scripts\\mlagents-learn config/SnakeAgent.yaml --run-id=NewSnake --resume",
        "mlagents_version": "1.1.0",
        "mlagents_envs_version": "1.1.0",
        "communication_protocol_version": "1.5.0",
        "pytorch_version": "2.2.2+cu121",
        "numpy_version": "1.23.5",
        "end_time_seconds": "1739536949"
    },
    "total": 123.67247140000109,
    "count": 1,
    "self": 0.01409600000079081,
    "children": {
        "run_training.setup": {
            "total": 0.23241460000099323,
            "count": 1,
            "self": 0.23241460000099323
        },
        "TrainerController.start_learning": {
            "total": 123.4259607999993,
            "count": 1,
            "self": 0.00921800003197859,
            "children": {
                "TrainerController._reset_env": {
                    "total": 17.04167029999917,
                    "count": 1,
                    "self": 17.04167029999917
                },
                "TrainerController.advance": {
                    "total": 105.8234433999678,
                    "count": 253,
                    "self": 0.007747900028334698,
                    "children": {
                        "env_step": {
                            "total": 103.83321619996968,
                            "count": 253,
                            "self": 101.93469079998795,
                            "children": {
                                "SubprocessEnvManager._take_step": {
                                    "total": 1.8921795999940514,
                                    "count": 253,
                                    "self": 0.011947099992539734,
                                    "children": {
                                        "TorchPolicy.evaluate": {
                                            "total": 1.8802325000015117,
                                            "count": 87,
                                            "self": 1.8802325000015117
                                        }
                                    }
                                },
                                "workers": {
                                    "total": 0.006345799987684586,
                                    "count": 252,
                                    "self": 0.0,
                                    "children": {
                                        "worker_root": {
                                            "total": 42.265656400019,
                                            "count": 252,
                                            "is_parallel": true,
                                            "self": 7.103874400019777,
                                            "children": {
                                                "steps_from_proto": {
                                                    "total": 0.07373030000053404,
                                                    "count": 1,
                                                    "is_parallel": true,
                                                    "self": 0.0002683000020624604,
                                                    "children": {
                                                        "_process_maybe_compressed_observation": {
                                                            "total": 0.07064159999936237,
                                                            "count": 2,
                                                            "is_parallel": true,
                                                            "self": 0.0003341999927215511,
                                                            "children": {
                                                                "_observation_to_np_array": {
                                                                    "total": 0.07030740000664082,
                                                                    "count": 15,
                                                                    "is_parallel": true,
                                                                    "self": 0.0003434000063862186,
                                                                    "children": {
                                                                        "process_pixels": {
                                                                            "total": 0.0699640000002546,
                                                                            "count": 15,
                                                                            "is_parallel": true,
                                                                            "self": 0.0037913999949523713,
                                                                            "children": {
                                                                                "image_decompress": {
                                                                                    "total": 0.06617260000530223,