{
    "name": "root",
    "metadata": {
        "timer_format_version": "0.1.0",
        "start_time_seconds": "1739444641",
        "python_version": "3.10.12 | packaged by Anaconda, Inc. | (main, Jul  5 2023, 19:01:18) [MSC v.1916 64 bit (AMD64)]",
        "command_line_arguments": "C:\\Users\\Anders\\miniconda3\\envs\\mlagents\\Scripts\\mlagents-learn config/SnakeAgent.yaml --run-id=NewSnake --force",
        "mlagents_version": "1.1.0",
        "mlagents_envs_version": "1.1.0",
        "communication_protocol_version": "1.5.0",
        "pytorch_version": "2.2.2+cu121",
        "numpy_version": "1.23.5",
        "end_time_seconds": "1739444695"
    },
    "total": 54.13037620000068,
    "count": 1,
    "self": 0.020001099999717553,
    "children": {
        "run_training.setup": {
            "total": 0.22175120000065363,
            "count": 1,
            "self": 0.22175120000065363
        },
        "TrainerController.start_learning": {
            "total": 53.88862390000031,
            "count": 1,
            "self": 0.022271799971349537,
            "children": {
                "TrainerController._reset_env": {
                    "total": 22.257718900000327,
                    "count": 1,
                    "self": 22.257718900000327
                },
                "TrainerController.advance": {
                    "total": 31.000960000030318,
                    "count": 525,
                    "self": 0.01732139999876381,
                    "children": {
                        "env_step": {
                            "total": 30.719665300000997,
                            "count": 525,
                            "self": 26.026053900022816,
                            "children": {
                                "SubprocessEnvManager._take_step": {
                                    "total": 4.677158299986331,
                                    "count": 525,
                                    "self": 0.061068399974828935,
                                    "children": {
                                        "TorchPolicy.evaluate": {
                                            "total": 4.616089900011502,
                                            "count": 521,
                                            "self": 4.616089900011502
                                        }
                                    }
                                },
                                "workers": {
                                    "total": 0.01645309999184974,
                                    "count": 524,
                                    "self": 0.0,
                                    "children": {
                                        "worker_root": {
                                            "total": 18.723328299991408,
                                            "count": 524,
                                            "is_parallel": true,
                                            "self": 9.371233399975608,
                                            "children": {
                                                "steps_from_proto": {
                                                    "total": 0.06461560000025202,
                                                    "count": 1,
                                                    "is_parallel": true,
                                                    "self": 0.0001849999989644857,
                                                    "children": {
                                                        "_process_maybe_compressed_observation": {
                                                            "total": 0.06139620000067225,
                                                            "count": 2,
                                                            "is_parallel": true,
                                                            "self": 5.750000127591193e-05,
                                                            "children": {
                                                                "_observation_to_np_array": {
                                                                    "total": 0.06133869999939634,
                                                                    "count": 1,
                                                                    "is_parallel": true,
                                                                    "self": 4.8800000513438135e-05,
                                                                    "children": {
                                                                        "process_pixels": {
                                                                            "total": 0.0612898999988829,
                                                                            "count": 1,
                                                                            "is_parallel": true,
                                                                            "self": 0.003063500000280328,
                                                                            "children": {
                                                                                "image_decompress": {
                                                                                    "total": 0.058226399998602574,
                                                                                    "count": 1,
                                                                                    "is_parallel": true,
                                                                                    "self": 0.058226399998602574
                                                                                }
                                                                            }
                                                                        }
                                                                    }
                                                                }
                                                            }
                                                        },
                                                        "_process_rank_one_or_two_observation": {
                                                            "total": 0.0030344000006152783,
                                                            "count": 2,
                                                            "is_parallel": true,
                                                            "self": 0.0030344000006152783
                                                        }
                                                    }
                                                },
                                                "UnityEnvironment.step": {
                                                    "total": 9.287479300015548,
                                                    "count": 524,
                                                    "is_parallel": true,
                                                    "self": 0.08444039998357766,
                                                    "children": {
                                                        "UnityEnvironment._generate_step_input": {
                                                            "total": 0.0694323999905464,
                                                            "count": 524,
                                                            "is_parallel": true,
                                                            "self": 0.0694323999905464
                                                        },
                                                        "communicator.exchange": {
                                                            "total": 8.657722100029787,
                                                            "count": 524,
                                                            "is_parallel": true,