{
    "name": "root",
    "gauges": {
        "SnakeAgent.Policy.Entropy.mean": {
            "value": 1.222110629081726,
            "min": 1.2213717699050903,
            "max": 1.2434310913085938,
            "count": 81
        },
        "SnakeAgent.Policy.Entropy.sum": {
            "value": 1230.6654052734375,
            "min": 1161.8018798828125,
            "max": 1308.56884765625,
            "count": 81
        },
        "SnakeAgent.Step.mean": {
            "value": 580976.0,
            "min": 500941.0,
            "max": 580976.0,
            "count": 81
        },
        "SnakeAgent.Step.sum": {
            "value": 580976.0,
            "min": 500941.0,
            "max": 580976.0,
            "count": 81
        },
        "SnakeAgent.Policy.ExtrinsicValueEstimate.mean": {
            "value": 1.5874431133270264,
            "min": 1.1779841184616089,
            "max": 1.8721576929092407,
            "count": 81
        },
        "SnakeAgent.Policy.ExtrinsicValueEstimate.sum": {
            "value": 31.748863220214844,
            "min": 24.943496704101562,
            "max": 36.971004486083984,
            "count": 81
        },
        "SnakeAgent.Environment.EpisodeLength.mean": {
            "value": 116.875,
            "min": 79.72727272727273,
            "max": 174.16666666666666,
            "count": 81
        },
        "SnakeAgent.Environment.EpisodeLength.sum": {
            "value": 935.0,
            "min": 811.0,
            "max": 1201.0,
            "count": 81
        },
        "SnakeAgent.Environment.CumulativeReward.mean": {
            "value": 3.0,
            "min": 2.2222222222222223,
            "max": 5.333333333333333,
            "count": 81
        },
        "SnakeAgent.Environment.CumulativeReward.sum": {
            "value": 24.0,
            "min": 17.0,
            "max": 38.0,
            "count": 81
        },
        "SnakeAgent.Policy.ExtrinsicReward.mean": {
            "value": 3.0,
            "min": 2.2222222222222223,
            "max": 5.333333333333333,
            "count": 81
        },
        "SnakeAgent.Policy.ExtrinsicReward.sum": {
            "value": 24.0,
            "min": 17.0,
            "max": 38.0,
            "count": 81
        },
        "SnakeAgent.IsTraining.mean": {
            "value": 1.0,
            "min": 1.0,
            "max": 1.0,
            "count": 81
        },
        "SnakeAgent.IsTraining.sum": {
            "value": 1.0,
            "min": 1.0,
            "max": 1.0,
            "count": 81
        },
        "SnakeAgent.Losses.PolicyLoss.mean": {
            "value": 0.10667980292501549,
            "min": 0.09609814428724349,
            "max": 0.10667980292501549,
            "count": 12
        },
        "SnakeAgent.Losses.PolicyLoss.sum": {
            "value": 0.10667980292501549,
            "min": 0.09609814428724349,
            "max": 0.10667980292501549,
            "count": 12
        },
        "SnakeAgent.Losses.ValueLoss.mean": {
            "value": 0.3338741160929203,
            "min": 0.2991337103645007,
            "max": 0.3952556298176448,
            "count": 12
        },
        "SnakeAgent.Losses.ValueLoss.sum": {
            "value": 0.3338741160929203,
            "min": 0.2991337103645007,
            "max": 0.3952556298176448,
            "count": 12
        },
        "SnakeAgent.Policy.LearningRate.mean": {
            "value": 0.00012687815770730005,
            "min": 0.00012687815770730005,
            "max": 0.00014806655064449997,
            "count": 12
        },
        "SnakeAgent.Policy.LearningRate.sum": {
            "value": 0.00012687815770730005,
            "min": 0.00012687815770730005,
            "max": 0.00014806655064449997,
            "count": 12
        },
        "SnakeAgent.Policy.Epsilon.mean": {
            "value": 0.14229270000000005,
            "min": 0.14229270000000005,
            "max": 0.1493555,
            "count": 12
        },
        "SnakeAgent.Policy.Epsilon.sum": {
            "value": 0.14229270000000005,
            "min": 0.14229270000000005,
            "max": 0.1493555,
            "count": 12
        },
        "SnakeAgent.Policy.Beta.mean": {
            "value": 0.0005000000000000001,
            "min": 0.0005000000000000001,
            "max": 0.0005000000000000001,
            "count": 12
        },
        "SnakeAgent.Policy.Beta.sum": {
            "value": 0.0005000000000000001,
            "min": 0.0005000000000000001,
            "max": 0.0005000000000000001,
            "count": 12
        }
    },
    "metadata": {
        "timer_format_version": "0.1.0",
        "start_time_seconds": "1739463735",
        "python_version": "3.10.12 | packaged by Anaconda, Inc. | (main, Jul  5 2023, 19:01:18) [MSC v.1916 64 bit (AMD64)]",
        "command_line_arguments": "C:\\Users\\thorb\\Anaconda3\\envs\\mlagents\\Scripts\\mlagents-learn config/SnakeAgent.yaml --run-id=NewSnake --resume",
        "mlagents_version": "1.1.0",
        "mlagents_envs_version": "1.1.0",
        "communication_protocol_version": "1.5.0",
        "pytorch_version": "2.2.2+cu121",
        "numpy_version": "1.23.5",
        "end_time_seconds": "1739465317"
    },
    "total": 1581.5212008000017,
    "count": 1,
    "self": 0.02195930000016233,
    "children": {
        "run_training.setup": {
            "total": 0.12019270000018878,
            "count": 1,
            "self": 0.12019270000018878
        },
        "TrainerController.start_learning": {
            "total": 1581.3790488000013,
            "count": 1,
            "self": 2.676495900566806,
            "children": {
                "TrainerController._reset_env": {
                    "total": 11.59719579999728,
                    "count": 1,
                    "self": 11.59719579999728
                },
                "TrainerController.advance": {
                    "total": 1566.7217421994355,
                    "count": 82522,
                    "self": 2.7534079991964973,
                    "children": {
                        "env_step": {
                            "total": 1418.349103399698,
                            "count": 82522,
                            "self": 886.0420897010335,
                            "children": {
                                "SubprocessEnvManager._take_step": {
                                    "total": 529.834437699843,
                                    "count": 82522,
                                    "self": 9.76535569970656,
                                    "children": {
                                        "TorchPolicy.evaluate": {
                                            "total": 520.0690820001364,
                                            "count": 81981,
                                            "self": 520.0690820001364
                                        }
                                    }
                                },
                                "workers": {
                                    "total": 2.472575998821412,
                                    "count": 82521,
                                    "self": 0.0,
                                    "children": {
                                        "worker_root": {
                                            "total": 1503.5527529994251,
                                            "count": 82521,
                                            "is_parallel": true,
                                            "self": 819.5821819985831,
                                            "children": {
                                                "steps_from_proto": {
                                                    "total": 0.02354170000035083,
                                                    "count": 1,
                                                    "is_parallel": true,
                                                    "self": 9.639999916544184e-05,