{
    "name": "root",
    "gauges": {
        "SnakeAgent.Policy.Entropy.mean": {
            "value": 1.4182569980621338,
            "min": 1.4182567596435547,
            "max": 1.4217033386230469,
            "count": 77
        },
        "SnakeAgent.Policy.Entropy.sum": {
            "value": 1382.800537109375,
            "min": 1255.157470703125,
            "max": 1829.55126953125,
            "count": 77
        },
        "SnakeAgent.Step.mean": {
            "value": 157978.0,
            "min": 81997.0,
            "max": 157978.0,
            "count": 77
        },
        "SnakeAgent.Step.sum": {
            "value": 157978.0,
            "min": 81997.0,
            "max": 157978.0,
            "count": 77
        },
        "SnakeAgent.Policy.ExtrinsicValueEstimate.mean": {
            "value": -0.20304381847381592,
            "min": -0.32209035754203796,
            "max": -0.013199135661125183,
            "count": 77
        },
        "SnakeAgent.Policy.ExtrinsicValueEstimate.sum": {
            "value": -3.2487010955810547,
            "min": -5.797626495361328,
            "max": -0.0791948139667511,
            "count": 77
        },
        "SnakeAgent.IsTraining.mean": {
            "value": 1.0,
            "min": 1.0,
            "max": 1.0,
            "count": 77
        },
        "SnakeAgent.IsTraining.sum": {
            "value": 1.0,
            "min": 1.0,
            "max": 1.0,
            "count": 77
        },
        "SnakeAgent.Environment.EpisodeLength.mean": {
            "value": 184.0,
            "min": 73.0,
            "max": 1292.0,
            "count": 72
        },
        "SnakeAgent.Environment.EpisodeLength.sum": {
            "value": 920.0,
            "min": 79.0,
            "max": 2795.0,
            "count": 72
        },
        "SnakeAgent.Environment.CumulativeReward.mean": {
            "value": -1.1235999509692192,
            "min": -3.892000138759613,
            "max": -0.9960000701248646,
            "count": 71
        },
        "SnakeAgent.Environment.CumulativeReward.sum": {
            "value": -5.617999754846096,
            "min": -18.842000648379326,
            "max": -0.9960000701248646,
            "count": 71
        },
        "SnakeAgent.Policy.ExtrinsicReward.mean": {
            "value": -1.1235999509692192,
            "min": -3.892000138759613,
            "max": -0.9960000701248646,
            "count": 71
        },
        "SnakeAgent.Policy.ExtrinsicReward.sum": {
            "value": -5.617999754846096,
            "min": -18.842000648379326,
            "max": -0.9960000701248646,
            "count": 71
        },
        "SnakeAgent.Losses.PolicyLoss.mean": {
            "value": 0.015565452497685327,
            "min": 0.015565452497685327,
            "max": 0.015565452497685327,
            "count": 1
        },
        "SnakeAgent.Losses.PolicyLoss.sum": {
            "value": 0.015565452497685327,
            "min": 0.015565452497685327,
            "max": 0.015565452497685327,
            "count": 1
        },
        "SnakeAgent.Losses.ValueLoss.mean": {
            "value": 0.08558037606999278,
            "min": 0.08558037606999278,
            "max": 0.08558037606999278,
            "count": 1
        },
        "SnakeAgent.Losses.ValueLoss.sum": {
            "value": 0.08558037606999278,
            "min": 0.08558037606999278,
            "max": 0.08558037606999278,
            "count": 1
        },
        "SnakeAgent.Policy.LearningRate.mean": {
            "value": 0.00026322781225739995,
            "min": 0.00026322781225739995,
            "max": 0.00026322781225739995,
            "count": 1
        },
        "SnakeAgent.Policy.LearningRate.sum": {
            "value": 0.00026322781225739995,
            "min": 0.00026322781225739995,
            "max": 0.00026322781225739995,
            "count": 1
        },
        "SnakeAgent.Policy.Epsilon.mean": {
            "value": 0.1877426,
            "min": 0.1877426,
            "max": 0.1877426,
            "count": 1
        },
        "SnakeAgent.Policy.Epsilon.sum": {
            "value": 0.1877426,
            "min": 0.1877426,
            "max": 0.1877426,
            "count": 1
        },
        "SnakeAgent.Policy.Beta.mean": {
            "value": 0.0005000000000000001,
            "min": 0.0005000000000000001,
            "max": 0.0005000000000000001,
            "count": 1
        },
        "SnakeAgent.Policy.Beta.sum": {
            "value": 0.0005000000000000001,
            "min": 0.0005000000000000001,
            "max": 0.0005000000000000001,
            "count": 1
        }
    },
    "metadata": {
        "timer_format_version": "0.1.0",
        "start_time_seconds": "1739869127",
        "python_version": "3.10.12 | packaged by Anaconda, Inc. | (main, Jul  5 2023, 19:01:18) [MSC v.1916 64 bit (AMD64)]",
        "command_line_arguments": "C:\\Users\\Anders\\miniconda3\\envs\\mlagents\\Scripts\\mlagents-learn config/SnakeAgent.yaml --run-id=SmallerCollider --resume",
        "mlagents_version": "1.1.0",
        "mlagents_envs_version": "1.1.0",
        "communication_protocol_version": "1.5.0",
        "pytorch_version": "2.2.2+cu121",
        "numpy_version": "1.23.5",
        "end_time_seconds": "1739869785"
    },
    "total": 658.5223344999831,
    "count": 1,
    "self": 0.021941099956166,
    "children": {
        "run_training.setup": {
            "total": 0.23586860002251342,
            "count": 1,
            "self": 0.23586860002251342
        },
        "TrainerController.start_learning": {
            "total": 658.2645248000044,
            "count": 1,
            "self": 0.13577979954425246,
            "children": {
                "TrainerController._reset_env": {
                    "total": 11.42356149997795,
                    "count": 1,
                    "self": 11.42356149997795
                },
                "TrainerController.advance": {
                    "total": 645.9002315005055,
                    "count": 5369,
                    "self": 0.13664740091189742,
                    "children": {
                        "env_step": {
                            "total": 613.73293910129,
                            "count": 5369,
                            "self": 586.0885675023892,
                            "children": {
                                "SubprocessEnvManager._take_step": {
                                    "total": 27.24111089966027,
                                    "count": 5369,
                                    "self": 0.47862949752015993,
                                    "children": {
                                        "TorchPolicy.evaluate": {
                                            "total": 26.76248140214011,
                                            "count": 5166,
                                            "self": 26.76248140214011
                                        }
                                    }
                                },
                                "workers": {
                                    "total": 0.4032606992404908,
                                    "count": 5368,
                                    "self": 0.0,
                                    "children": {
                                        "worker_root": {
                                            "total": 583.8284239014029,
                                            "count": 5368,
                                            "is_parallel": true,
                                            "self": 73.93786879919935,
                                            "children": {
                                                "steps_from_proto": {
                                                    "total": 0.07500930002424866,
                                                    "count": 1,
                                                    "is_parallel": true,