{
    "name": "root",
    "gauges": {
        "RollerBall.Policy.Entropy.mean": {
            "value": 1.403395414352417,
            "min": 1.399641990661621,
            "max": 1.4184613227844238,
            "count": 24
        },
        "RollerBall.Policy.Entropy.sum": {
            "value": 1413.21923828125,
            "min": 1368.093994140625,
            "max": 1513.498291015625,
            "count": 24
        },
        "RollerBall.Environment.EpisodeLength.mean": {
            "value": 22.976190476190474,
            "min": 22.976190476190474,
            "max": 97.6,
            "count": 24
        },
        "RollerBall.Environment.EpisodeLength.sum": {
            "value": 965.0,
            "min": 899.0,
            "max": 1046.0,
            "count": 24
        },
        "RollerBall.Step.mean": {
            "value": 23988.0,
            "min": 999.0,
            "max": 23988.0,
            "count": 24
        },
        "RollerBall.Step.sum": {
            "value": 23988.0,
            "min": 999.0,
            "max": 23988.0,
            "count": 24
        },
        "RollerBall.Policy.ExtrinsicValueEstimate.mean": {
            "value": 0.8567633628845215,
            "min": 0.03022655099630356,
            "max": 0.8567633628845215,
            "count": 24
        },
        "RollerBall.Policy.ExtrinsicValueEstimate.sum": {
            "value": 36.840824127197266,
            "min": 0.6347575783729553,
            "max": 36.840824127197266,
            "count": 24
        },
        "RollerBall.Environment.CumulativeReward.mean": {
            "value": 0.9523809523809523,
            "min": 0.0,
            "max": 0.972972972972973,
            "count": 24
        },
        "RollerBall.Environment.CumulativeReward.sum": {
            "value": 40.0,
            "min": 0.0,
            "max": 40.0,
            "count": 24
        },
        "RollerBall.Policy.ExtrinsicReward.mean": {
            "value": 0.9523809523809523,
            "min": 0.0,
            "max": 0.972972972972973,
            "count": 24
        },
        "RollerBall.Policy.ExtrinsicReward.sum": {
            "value": 40.0,
            "min": 0.0,
            "max": 40.0,
            "count": 24
        },
        "RollerBall.Losses.PolicyLoss.mean": {
            "value": 0.08345712451264262,
            "min": 0.0651725148782134,
            "max": 0.11120630977675319,
            "count": 24
        },
        "RollerBall.Losses.PolicyLoss.sum": {
            "value": 0.16691424902528523,
            "min": 0.0651725148782134,
            "max": 0.22241261955350639,
            "count": 24
        },
        "RollerBall.Losses.ValueLoss.mean": {
            "value": 0.013215330662205815,
            "min": 0.004305021309604248,
            "max": 0.05960277666648229,
            "count": 24
        },
        "RollerBall.Losses.ValueLoss.sum": {
            "value": 0.02643066132441163,
            "min": 0.004305021309604248,
            "max": 0.09205014544228712,
            "count": 24
        },
        "RollerBall.Policy.LearningRate.mean": {
            "value": 0.0002859426046858,
            "min": 0.0002859426046858,
            "max": 0.0002996046001318001,
            "count": 24
        },
        "RollerBall.Policy.LearningRate.sum": {
            "value": 0.0005718852093716,
            "min": 0.0002865270044909999,
            "max": 0.0005980446006517999,
            "count": 24
        },
        "RollerBall.Policy.Epsilon.mean": {
            "value": 0.1953142,
            "min": 0.1953142,
            "max": 0.1998682,
            "count": 24
        },
        "RollerBall.Policy.Epsilon.sum": {
            "value": 0.3906284,
            "min": 0.19550900000000007,
            "max": 0.39934820000000015,
            "count": 24
        },
        "RollerBall.Policy.Beta.mean": {
            "value": 0.0005000000000000001,
            "min": 0.0005000000000000001,
            "max": 0.0005000000000000001,
            "count": 24
        },
        "RollerBall.Policy.Beta.sum": {
            "value": 0.0010000000000000002,
            "min": 0.0005000000000000001,
            "max": 0.0010000000000000002,
            "count": 24
        },
        "RollerBall.IsTraining.mean": {
            "value": 1.0,
            "min": 1.0,
            "max": 1.0,
            "count": 24
        },
        "RollerBall.IsTraining.sum": {
            "value": 1.0,
            "min": 1.0,
            "max": 1.0,
            "count": 24
        }
    },
    "metadata": {
        "timer_format_version": "0.1.0",
        "start_time_seconds": "1739267270",
        "python_version": "3.10.12 | packaged by Anaconda, Inc. | (main, Jul  5 2023, 19:01:18) [MSC v.1916 64 bit (AMD64)]",
        "command_line_arguments": "C:\\Users\\Anders\\miniconda3\\envs\\mlagents\\Scripts\\mlagents-learn Assets\\Brains\\rollerball_config.yaml --run-id=grid --force",
        "mlagents_version": "1.1.0",
        "mlagents_envs_version": "1.1.0",
        "communication_protocol_version": "1.5.0",
        "pytorch_version": "2.2.2+cu121",
        "numpy_version": "1.23.5",
        "end_time_seconds": "1739267863"
    },
    "total": 592.4641621000046,
    "count": 1,
    "self": 0.02001300001575146,
    "children": {
        "run_training.setup": {
            "total": 0.18022589999600314,
            "count": 1,
            "self": 0.18022589999600314
        },
        "TrainerController.start_learning": {
            "total": 592.2639231999929,
            "count": 1,
            "self": 0.6100484005437465,
            "children": {
                "TrainerController._reset_env": {
                    "total": 11.697954600007506,
                    "count": 1,
                    "self": 11.697954600007506
                },
                "TrainerController.advance": {
                    "total": 579.3668294994422,
                    "count": 25220,
                    "self": 0.5800362996815238,
                    "children": {
                        "env_step": {
                            "total": 543.8272761999833,
                            "count": 25220,
                            "self": 422.65405410079984,
                            "children": {
                                "SubprocessEnvManager._take_step": {
                                    "total": 120.59763009900053,
                                    "count": 25221,
                                    "self": 1.9538104993116576,
                                    "children": {
                                        "TorchPolicy.evaluate": {
                                            "total": 118.64381959968887,
                                            "count": 24759,
                                            "self": 118.64381959968887
                                        }
                                    }
                                },
                                "workers": {
                                    "total": 0.5755920001829509,
                                    "count": 25219,
                                    "self": 0.0,
                                    "children": {
                                        "worker_root": {
                                            "total": 471.2714792001643,
                                            "count": 25219,
                                            "is_parallel": true,
                                            "self": 193.7465059011156,
                                            "children": {
                                                "steps_from_proto": {
                                                    "total": 0.0781554999994114,
                                                    "count": 2,
                                                    "is_parallel": true,
                                                    "self": 0.00035499996738508344,