{
    "name": "root",
    "gauges": {
        "RollerBall.Policy.Entropy.mean": {
            "value": 1.4173680543899536,
            "min": 1.4173680543899536,
            "max": 1.4183628559112549,
            "count": 2
        },
        "RollerBall.Policy.Entropy.sum": {
            "value": 1485.4017333984375,
            "min": 1422.617919921875,
            "max": 1485.4017333984375,
            "count": 2
        },
        "RollerBall.Environment.EpisodeLength.mean": {
            "value": 2.2789968652037618,
            "min": 2.2789968652037618,
            "max": 2.853846153846154,
            "count": 2
        },
        "RollerBall.Environment.EpisodeLength.sum": {
            "value": 727.0,
            "min": 727.0,
            "max": 742.0,
            "count": 2
        },
        "RollerBall.Step.mean": {
            "value": 1991.0,
            "min": 999.0,
            "max": 1991.0,
            "count": 2
        },
        "RollerBall.Step.sum": {
            "value": 1991.0,
            "min": 999.0,
            "max": 1991.0,
            "count": 2
        },
        "RollerBall.Policy.ExtrinsicValueEstimate.mean": {
            "value": 0.009539053775370121,
            "min": 0.009539053775370121,
            "max": 0.011564942076802254,
            "count": 2
        },
        "RollerBall.Policy.ExtrinsicValueEstimate.sum": {
            "value": 3.0429582595825195,
            "min": 3.0184497833251953,
            "max": 3.0429582595825195,
            "count": 2
        },
        "RollerBall.Environment.CumulativeReward.mean": {
            "value": 0.02821316614420063,
            "min": 0.02821316614420063,
            "max": 0.03861003861003861,
            "count": 2
        },
        "RollerBall.Environment.CumulativeReward.sum": {
            "value": 9.0,
            "min": 9.0,
            "max": 10.0,
            "count": 2
        },
        "RollerBall.Policy.ExtrinsicReward.mean": {
            "value": 0.02821316614420063,
            "min": 0.02821316614420063,
            "max": 0.03861003861003861,
            "count": 2
        },
        "RollerBall.Policy.ExtrinsicReward.sum": {
            "value": 9.0,
            "min": 9.0,
            "max": 10.0,
            "count": 2
        },
        "RollerBall.Losses.PolicyLoss.mean": {
            "value": 0.095493467990309,
            "min": 0.09018878365556399,
            "max": 0.095493467990309,
            "count": 2
        },
        "RollerBall.Losses.PolicyLoss.sum": {
            "value": 0.190986935980618,
            "min": 0.09018878365556399,
            "max": 0.190986935980618,
            "count": 2
        },
        "RollerBall.Losses.ValueLoss.mean": {
            "value": 0.007891387049555002,
            "min": 0.007891387049555002,
            "max": 0.013343363125265266,
            "count": 2
        },
        "RollerBall.Losses.ValueLoss.sum": {
            "value": 0.015782774099110004,
            "min": 0.013343363125265266,
            "max": 0.015782774099110004,
            "count": 2
        },
        "RollerBall.Policy.LearningRate.mean": {
            "value": 0.000299037000321,
            "min": 0.000299037000321,
            "max": 0.0002996154001281999,
            "count": 2
        },
        "RollerBall.Policy.LearningRate.sum": {
            "value": 0.000598074000642,
            "min": 0.0002996154001281999,
            "max": 0.000598074000642,
            "count": 2
        },
        "RollerBall.Policy.Epsilon.mean": {
            "value": 0.19967900000000005,
            "min": 0.19967900000000005,
            "max": 0.19987180000000007,
            "count": 2
        },
        "RollerBall.Policy.Epsilon.sum": {
            "value": 0.3993580000000001,
            "min": 0.19987180000000007,
            "max": 0.3993580000000001,
            "count": 2
        },
        "RollerBall.Policy.Beta.mean": {
            "value": 0.0005000000000000001,
            "min": 0.0005000000000000001,
            "max": 0.0005000000000000001,
            "count": 2
        },
        "RollerBall.Policy.Beta.sum": {
            "value": 0.0010000000000000002,
            "min": 0.0005000000000000001,
            "max": 0.0010000000000000002,
            "count": 2
        },
        "RollerBall.IsTraining.mean": {
            "value": 1.0,
            "min": 1.0,
            "max": 1.0,
            "count": 2
        },
        "RollerBall.IsTraining.sum": {
            "value": 1.0,
            "min": 1.0,
            "max": 1.0,
            "count": 2
        }
    },
    "metadata": {
        "timer_format_version": "0.1.0",
        "start_time_seconds": "1739266947",
        "python_version": "3.10.12 | packaged by Anaconda, Inc. | (main, Jul  5 2023, 19:01:18) [MSC v.1916 64 bit (AMD64)]",
        "command_line_arguments": "C:\\Users\\Anders\\miniconda3\\envs\\mlagents\\Scripts\\mlagents-learn Assets\\Brains\\rollerball_config.yaml --run-id=grid --force",
        "mlagents_version": "1.1.0",
        "mlagents_envs_version": "1.1.0",
        "communication_protocol_version": "1.5.0",
        "pytorch_version": "2.2.2+cu121",
        "numpy_version": "1.23.5",
        "end_time_seconds": "1739267158"
    },
    "total": 210.91845119999198,
    "count": 1,
    "self": 10.052357699998538,
    "children": {
        "run_training.setup": {
            "total": 0.19248490000609308,
            "count": 1,
            "self": 0.19248490000609308
        },
        "TrainerController.start_learning": {
            "total": 200.67360859998735,
            "count": 1,
            "self": 0.0761816996964626,
            "children": {
                "TrainerController._reset_env": {
                    "total": 11.391236199997365,
                    "count": 1,
                    "self": 11.391236199997365
                },
                "TrainerController.advance": {
                    "total": 188.24437950029096,
                    "count": 2754,
                    "self": 0.06933970001409762,
                    "children": {
                        "env_step": {
                            "total": 180.59585120026895,
                            "count": 2754,
                            "self": 168.03305440007534,
                            "children": {
                                "SubprocessEnvManager._take_step": {
                                    "total": 12.499762000094051,
                                    "count": 2756,
                                    "self": 0.19232760008890182,
                                    "children": {
                                        "TorchPolicy.evaluate": {
                                            "total": 12.30743440000515,
                                            "count": 2238,
                                            "self": 12.30743440000515
                                        }
                                    }
                                },
                                "workers": {
                                    "total": 0.0630348000995582,
                                    "count": 2753,
                                    "self": 0.0,
                                    "children": {
                                        "worker_root": {
                                            "total": 107.74792450029054,
                                            "count": 2753,
                                            "is_parallel": true,
                                            "self": 26.868260900344467,
                                            "children": {
                                                "steps_from_proto": {
                                                    "total": 0.18633159999444615,
                                                    "count": 3,
                                                    "is_parallel": true,