{
    "name": "root",
    "gauges": {
        "SnakeAgent.Policy.Entropy.mean": {
            "value": 1.3436049222946167,
            "min": 1.3436049222946167,
            "max": 1.4216997623443604,
            "count": 111
        },
        "SnakeAgent.Policy.Entropy.sum": {
            "value": 1343.60498046875,
            "min": 1343.60498046875,
            "max": 1485.62841796875,
            "count": 111
        },
        "SnakeAgent.Step.mean": {
            "value": 110965.0,
            "min": 983.0,
            "max": 110965.0,
            "count": 111
        },
        "SnakeAgent.Step.sum": {
            "value": 110965.0,
            "min": 983.0,
            "max": 110965.0,
            "count": 111
        },
        "SnakeAgent.Policy.ExtrinsicValueEstimate.mean": {
            "value": -0.13626161217689514,
            "min": -0.2869200110435486,
            "max": 0.036140039563179016,
            "count": 111
        },
        "SnakeAgent.Policy.ExtrinsicValueEstimate.sum": {
            "value": -2.7252323627471924,
            "min": -5.738399982452393,
            "max": 0.7228007912635803,
            "count": 111
        },
        "SnakeAgent.Environment.EpisodeLength.mean": {
            "value": 199.0,
            "min": 136.57142857142858,
            "max": 248.75,
            "count": 111
        },
        "SnakeAgent.Environment.EpisodeLength.sum": {
            "value": 995.0,
            "min": 809.0,
            "max": 1140.0,
            "count": 111
        },
        "SnakeAgent.Environment.CumulativeReward.mean": {
            "value": -0.12599999345839025,
            "min": -1.5399999988730997,
            "max": 0.20750000094994903,
            "count": 111
        },
        "SnakeAgent.Environment.CumulativeReward.sum": {
            "value": -0.6299999672919512,
            "min": -12.319999990984797,
            "max": 0.8300000037997961,
            "count": 111
        },
        "SnakeAgent.Policy.ExtrinsicReward.mean": {
            "value": -0.12599999345839025,
            "min": -1.5399999988730997,
            "max": 0.20750000094994903,
            "count": 111
        },
        "SnakeAgent.Policy.ExtrinsicReward.sum": {
            "value": -0.6299999672919512,
            "min": -12.319999990984797,
            "max": 0.8300000037997961,
            "count": 111
        },
        "SnakeAgent.IsTraining.mean": {
            "value": 1.0,
            "min": 1.0,
            "max": 1.0,
            "count": 111
        },
        "SnakeAgent.IsTraining.sum": {
            "value": 1.0,
            "min": 1.0,
            "max": 1.0,
            "count": 111
        },
        "SnakeAgent.Losses.PolicyLoss.mean": {
            "value": 0.09803251445404079,
            "min": 0.08135744809173047,
            "max": 0.10663293018005789,
            "count": 17
        },
        "SnakeAgent.Losses.PolicyLoss.sum": {
            "value": 0.09803251445404079,
            "min": 0.08135744809173047,
            "max": 0.10663293018005789,
            "count": 17
        },
        "SnakeAgent.Losses.ValueLoss.mean": {
            "value": 0.0003952251198023816,
            "min": 0.0001167103555927548,
            "max": 0.20269411301861207,
            "count": 17
        },
        "SnakeAgent.Losses.ValueLoss.sum": {
            "value": 0.0003952251198023816,
            "min": 0.0001167103555927548,
            "max": 0.20269411301861207,
            "count": 17
        },
        "SnakeAgent.Policy.LearningRate.mean": {
            "value": 0.0002671521109493,
            "min": 0.0002671521109493,
            "max": 0.0002980716006428,
            "count": 17
        },
        "SnakeAgent.Policy.LearningRate.sum": {
            "value": 0.0002671521109493,
            "min": 0.0002671521109493,
            "max": 0.0002980716006428,
            "count": 17
        },
        "SnakeAgent.Policy.Epsilon.mean": {
            "value": 0.1890507,
            "min": 0.1890507,
            "max": 0.19935720000000004,
            "count": 17
        },
        "SnakeAgent.Policy.Epsilon.sum": {
            "value": 0.1890507,
            "min": 0.1890507,
            "max": 0.19935720000000004,
            "count": 17
        },
        "SnakeAgent.Policy.Beta.mean": {
            "value": 0.0005000000000000001,
            "min": 0.0005000000000000001,
            "max": 0.0005000000000000001,
            "count": 17
        },
        "SnakeAgent.Policy.Beta.sum": {
            "value": 0.0005000000000000001,
            "min": 0.0005000000000000001,
            "max": 0.0005000000000000001,
            "count": 17
        }
    },
    "metadata": {
        "timer_format_version": "0.1.0",
        "start_time_seconds": "1739548398",
        "python_version": "3.10.12 | packaged by Anaconda, Inc. | (main, Jul  5 2023, 19:01:18) [MSC v.1916 64 bit (AMD64)]",
        "command_line_arguments": "C:\\Users\\thorb\\Anaconda3\\envs\\mlagents\\Scripts\\mlagents-learn config/SnakeAgent.yaml --run-id=MTB_Snake1 --force",
        "mlagents_version": "1.1.0",
        "mlagents_envs_version": "1.1.0",
        "communication_protocol_version": "1.5.0",
        "pytorch_version": "2.2.2+cu121",
        "numpy_version": "1.23.5",
        "end_time_seconds": "1739553210"
    },
    "total": 4812.300703600002,
    "count": 1,
    "self": 0.013129200000548735,
    "children": {
        "run_training.setup": {
            "total": 0.18396089999805554,
            "count": 1,
            "self": 0.18396089999805554
        },
        "TrainerController.start_learning": {
            "total": 4812.103613500003,
            "count": 1,
            "self": 3.109056699086068,
            "children": {
                "TrainerController._reset_env": {
                    "total": 21.729243699999643,
                    "count": 1,
                    "self": 21.729243699999643
                },
                "TrainerController.advance": {
                    "total": 4786.822948400917,
                    "count": 111968,
                    "self": 2.793758901356341,
                    "children": {
                        "env_step": {
                            "total": 4634.955721299764,
                            "count": 111968,
                            "self": 4061.50145699763,
                            "children": {
                                "SubprocessEnvManager._take_step": {
                                    "total": 570.8597280002214,
                                    "count": 111969,
                                    "self": 10.417344898749434,
                                    "children": {
                                        "TorchPolicy.evaluate": {
                                            "total": 560.4423831014719,
                                            "count": 111820,
                                            "self": 560.4423831014719
                                        }
                                    }
                                },
                                "workers": {
                                    "total": 2.59453630191274,
                                    "count": 111967,
                                    "self": 0.0,
                                    "children": {
                                        "worker_root": {
                                            "total": 4768.17020009995,
                                            "count": 111967,
                                            "is_parallel": true,
                                            "self": 884.1386468001692,
                                            "children": {
                                                "steps_from_proto": {
                                                    "total": 0.08102999999755411,
                                                    "count": 2,