{
    "name": "root",
    "gauges": {
        "SnakeAgent.Policy.Entropy.mean": {
            "value": 1.3436049222946167,
            "min": 1.3436048030853271,
            "max": 1.3436049222946167,
            "count": 3
        },
        "SnakeAgent.Policy.Entropy.sum": {
            "value": 1408.097900390625,
            "min": 354.711669921875,
            "max": 1408.097900390625,
            "count": 3
        },
        "SnakeAgent.Step.mean": {
            "value": 113981.0,
            "min": 111965.0,
            "max": 113981.0,
            "count": 3
        },
        "SnakeAgent.Step.sum": {
            "value": 113981.0,
            "min": 111965.0,
            "max": 113981.0,
            "count": 3
        },
        "SnakeAgent.Policy.ExtrinsicValueEstimate.mean": {
            "value": -0.03970719501376152,
            "min": -0.03970719501376152,
            "max": -0.0018297394271939993,
            "count": 3
        },
        "SnakeAgent.Policy.ExtrinsicValueEstimate.sum": {
            "value": -0.7544366717338562,
            "min": -0.7544366717338562,
            "max": -0.007318957708775997,
            "count": 3
        },
        "SnakeAgent.Environment.EpisodeLength.mean": {
            "value": 287.0,
            "min": 199.0,
            "max": 287.0,
            "count": 3
        },
        "SnakeAgent.Environment.EpisodeLength.sum": {
            "value": 1148.0,
            "min": 199.0,
            "max": 1148.0,
            "count": 3
        },
        "SnakeAgent.Environment.CumulativeReward.mean": {
            "value": 6.139999921433628,
            "min": -0.03999999910593033,
            "max": 6.139999921433628,
            "count": 3
        },
        "SnakeAgent.Environment.CumulativeReward.sum": {
            "value": 24.55999968573451,
            "min": -0.1599999964237213,
            "max": 24.55999968573451,
            "count": 3
        },
        "SnakeAgent.Policy.ExtrinsicReward.mean": {
            "value": 6.139999921433628,
            "min": -0.03999999910593033,
            "max": 6.139999921433628,
            "count": 3
        },
        "SnakeAgent.Policy.ExtrinsicReward.sum": {
            "value": 24.55999968573451,
            "min": -0.1599999964237213,
            "max": 24.55999968573451,
            "count": 3
        },
        "SnakeAgent.IsTraining.mean": {
            "value": 1.0,
            "min": 1.0,
            "max": 1.0,
            "count": 3
        },
        "SnakeAgent.IsTraining.sum": {
            "value": 1.0,
            "min": 1.0,
            "max": 1.0,
            "count": 3
        }
    },
    "metadata": {
        "timer_format_version": "0.1.0",
        "start_time_seconds": "1739553335",
        "python_version": "3.10.12 | packaged by Anaconda, Inc. | (main, Jul  5 2023, 19:01:18) [MSC v.1916 64 bit (AMD64)]",
        "command_line_arguments": "C:\\Users\\thorb\\Anaconda3\\envs\\mlagents\\Scripts\\mlagents-learn config/SnakeAgent.yaml --run-id=MTB_Snake1 --resume",
        "mlagents_version": "1.1.0",
        "mlagents_envs_version": "1.1.0",
        "communication_protocol_version": "1.5.0",
        "pytorch_version": "2.2.2+cu121",
        "numpy_version": "1.23.5",
        "end_time_seconds": "1739553550"
    },
    "total": 215.28931290000037,
    "count": 1,
    "self": 0.011756099993363023,
    "children": {
        "run_training.setup": {
            "total": 0.14745280000352068,
            "count": 1,
            "self": 0.14745280000352068
        },
        "TrainerController.start_learning": {
            "total": 215.13010400000348,
            "count": 1,
            "self": 0.05884379991766764,
            "children": {
                "TrainerController._reset_env": {
                    "total": 9.591674700001022,
                    "count": 1,
                    "self": 9.591674700001022
                },
                "TrainerController.advance": {
                    "total": 205.10302120008419,
                    "count": 2327,
                    "self": 0.055617500038351864,
                    "children": {
                        "env_step": {
                            "total": 204.31319380006607,
                            "count": 2327,
                            "self": 190.6511357001291,
                            "children": {
                                "SubprocessEnvManager._take_step": {
                                    "total": 13.609858799922222,
                                    "count": 2328,
                                    "self": 0.22346919992560288,
                                    "children": {
                                        "TorchPolicy.evaluate": {
                                            "total": 13.386389599996619,
                                            "count": 2327,
                                            "self": 13.386389599996619
                                        }
                                    }
                                },
                                "workers": {
                                    "total": 0.05219930001476314,
                                    "count": 2326,
                                    "self": 0.0,
                                    "children": {
                                        "worker_root": {
                                            "total": 106.66523169985157,
                                            "count": 2326,
                                            "is_parallel": true,
                                            "self": 19.79590569993161,
                                            "children": {
                                                "steps_from_proto": {
                                                    "total": 0.056010399996011984,
                                                    "count": 2,
                                                    "is_parallel": true,
                                                    "self": 0.00032749999809311703,
                                                    "children": {
                                                        "_process_maybe_compressed_observation": {
                                                            "total": 0.05292290000215871,
                                                            "count": 4,
                                                            "is_parallel": true,
                                                            "self": 8.130000060191378e-05,
                                                            "children": {
                                                                "_observation_to_np_array": {
                                                                    "total": 0.0528416000015568,
                                                                    "count": 2,
                                                                    "is_parallel": true,
                                                                    "self": 7.720000576227903e-05,
                                                                    "children": {
                                                                        "process_pixels": {
                                                                            "total": 0.05276439999579452,
                                                                            "count": 2,
                                                                            "is_parallel": true,
                                                                            "self": 0.002175599991460331,
                                                                            "children": {
                                                                                "image_decompress": {
                                                                                    "total": 0.05058880000433419,