{
    "name": "root",
    "gauges": {
        "SnakeAgent.Policy.Entropy.mean": {
            "value": 1.4057843685150146,
            "min": 1.4057843685150146,
            "max": 1.4210350513458252,
            "count": 149
        },
        "SnakeAgent.Policy.Entropy.sum": {
            "value": 1405.784423828125,
            "min": 452.6413879394531,
            "max": 1503.349609375,
            "count": 149
        },
        "SnakeAgent.Step.mean": {
            "value": 219968.0,
            "min": 71988.0,
            "max": 219968.0,
            "count": 149
        },
        "SnakeAgent.Step.sum": {
            "value": 219968.0,
            "min": 71988.0,
            "max": 219968.0,
            "count": 149
        },
        "SnakeAgent.Policy.ExtrinsicValueEstimate.mean": {
            "value": -0.19743598997592926,
            "min": -0.19743598997592926,
            "max": 0.014717702753841877,
            "count": 149
        },
        "SnakeAgent.Policy.ExtrinsicValueEstimate.sum": {
            "value": -3.751283884048462,
            "min": -3.849721670150757,
            "max": 0.29435405135154724,
            "count": 149
        },
        "SnakeAgent.Environment.EpisodeLength.mean": {
            "value": 249.0,
            "min": 172.83333333333334,
            "max": 499.0,
            "count": 149
        },
        "SnakeAgent.Environment.EpisodeLength.sum": {
            "value": 996.0,
            "min": 190.0,
            "max": 1196.0,
            "count": 149
        },
        "SnakeAgent.Environment.CumulativeReward.mean": {
            "value": -1.445000033825636,
            "min": -4.160999655723572,
            "max": -0.3529998891055584,
            "count": 149
        },
        "SnakeAgent.Environment.CumulativeReward.sum": {
            "value": -5.780000135302544,
            "min": -20.629999414086342,
            "max": -1.764999445527792,
            "count": 149
        },
        "SnakeAgent.Policy.ExtrinsicReward.mean": {
            "value": -1.445000033825636,
            "min": -4.160999655723572,
            "max": -0.3529998891055584,
            "count": 149
        },
        "SnakeAgent.Policy.ExtrinsicReward.sum": {
            "value": -5.780000135302544,
            "min": -20.629999414086342,
            "max": -1.764999445527792,
            "count": 149
        },
        "SnakeAgent.IsTraining.mean": {
            "value": 1.0,
            "min": 1.0,
            "max": 1.0,
            "count": 149
        },
        "SnakeAgent.IsTraining.sum": {
            "value": 1.0,
            "min": 1.0,
            "max": 1.0,
            "count": 149
        },
        "SnakeAgent.Losses.PolicyLoss.mean": {
            "value": 0.019387164208455942,
            "min": 0.014216520509216934,
            "max": 0.019387164208455942,
            "count": 3
        },
        "SnakeAgent.Losses.PolicyLoss.sum": {
            "value": 0.019387164208455942,
            "min": 0.014216520509216934,
            "max": 0.019387164208455942,
            "count": 3
        },
        "SnakeAgent.Losses.ValueLoss.mean": {
            "value": 0.026943409838713704,
            "min": 0.026943409838713704,
            "max": 0.09938844833523035,
            "count": 3
        },
        "SnakeAgent.Losses.ValueLoss.sum": {
            "value": 0.026943409838713704,
            "min": 0.026943409838713704,
            "max": 0.09938844833523035,
            "count": 3
        },
        "SnakeAgent.Policy.LearningRate.mean": {
            "value": 0.0002415888194704,
            "min": 0.0002415888194704,
            "max": 0.00026618101127299994,
            "count": 3
        },
        "SnakeAgent.Policy.LearningRate.sum": {
            "value": 0.0002415888194704,
            "min": 0.0002415888194704,
            "max": 0.00026618101127299994,
            "count": 3
        },
        "SnakeAgent.Policy.Epsilon.mean": {
            "value": 0.18052960000000004,
            "min": 0.18052960000000004,
            "max": 0.18872700000000003,
            "count": 3
        },
        "SnakeAgent.Policy.Epsilon.sum": {
            "value": 0.18052960000000004,
            "min": 0.18052960000000004,
            "max": 0.18872700000000003,
            "count": 3
        },
        "SnakeAgent.Policy.Beta.mean": {
            "value": 0.0005000000000000001,
            "min": 0.0005000000000000001,
            "max": 0.0005000000000000001,
            "count": 3
        },
        "SnakeAgent.Policy.Beta.sum": {
            "value": 0.0005000000000000001,
            "min": 0.0005000000000000001,
            "max": 0.0005000000000000001,
            "count": 3
        }
    },
    "metadata": {
        "timer_format_version": "0.1.0",
        "start_time_seconds": "1739785777",
        "python_version": "3.10.12 | packaged by Anaconda, Inc. | (main, Jul  5 2023, 19:01:18) [MSC v.1916 64 bit (AMD64)]",
        "command_line_arguments": "C:\\Users\\thorb\\Anaconda3\\envs\\mlagents\\Scripts\\mlagents-learn config/SnakeAgent.yaml --run-id=MTB_SnakeGunNewYaml --resume",
        "mlagents_version": "1.1.0",
        "mlagents_envs_version": "1.1.0",
        "communication_protocol_version": "1.5.0",
        "pytorch_version": "2.2.2+cu121",
        "numpy_version": "1.23.5",
        "end_time_seconds": "1739792605"
    },
    "total": 6827.563535900001,
    "count": 1,
    "self": 0.009615300001314608,
    "children": {
        "run_training.setup": {
            "total": 0.15235089999987395,
            "count": 1,
            "self": 0.15235089999987395
        },
        "TrainerController.start_learning": {
            "total": 6827.4015696999995,
            "count": 1,
            "self": 3.7126386996915244,
            "children": {
                "TrainerController._reset_env": {
                    "total": 14.628062600000703,
                    "count": 1,
                    "self": 14.628062600000703
                },
                "TrainerController.advance": {
                    "total": 6808.561082700307,
                    "count": 149269,
                    "self": 3.7920484998103348,
                    "children": {
                        "env_step": {
                            "total": 6715.793782500328,
                            "count": 149269,
                            "self": 5873.626203800057,
                            "children": {
                                "SubprocessEnvManager._take_step": {
                                    "total": 838.6196096999956,
                                    "count": 149271,
                                    "self": 13.725808600266646,
                                    "children": {
                                        "TorchPolicy.evaluate": {
                                            "total": 824.893801099729,
                                            "count": 148800,
                                            "self": 824.893801099729
                                        }
                                    }
                                },
                                "workers": {
                                    "total": 3.5479690002757707,
                                    "count": 149268,
                                    "self": 0.0,
                                    "children": {
                                        "worker_root": {
                                            "total": 6693.852986500373,
                                            "count": 149268,
                                            "is_parallel": true,
                                            "self": 1140.0370991004456,
                                            "children": {
                                                "steps_from_proto": {
                                                    "total": 0.1015108000001419,
                                                    "count": 3,