{
    "name": "root",
    "gauges": {
        "SnakeAgent.Policy.Entropy.mean": {
            "value": 1.3392544984817505,
            "min": 1.3392542600631714,
            "max": 1.353885531425476,
            "count": 137
        },
        "SnakeAgent.Policy.Entropy.sum": {
            "value": 1366.03955078125,
            "min": 917.9342041015625,
            "max": 1435.118408203125,
            "count": 137
        },
        "SnakeAgent.Step.mean": {
            "value": 622961.0,
            "min": 486951.0,
            "max": 622961.0,
            "count": 137
        },
        "SnakeAgent.Step.sum": {
            "value": 622961.0,
            "min": 486951.0,
            "max": 622961.0,
            "count": 137
        },
        "SnakeAgent.Policy.ExtrinsicValueEstimate.mean": {
            "value": 2.5237178802490234,
            "min": -1.2285385131835938,
            "max": 2.8043527603149414,
            "count": 137
        },
        "SnakeAgent.Policy.ExtrinsicValueEstimate.sum": {
            "value": 42.903202056884766,
            "min": -25.79930877685547,
            "max": 42.903202056884766,
            "count": 137
        },
        "SnakeAgent.Environment.EpisodeLength.mean": {
            "value": 349.0,
            "min": 112.22222222222223,
            "max": 799.0,
            "count": 136
        },
        "SnakeAgent.Environment.EpisodeLength.sum": {
            "value": 698.0,
            "min": 547.0,
            "max": 1945.0,
            "count": 136
        },
        "SnakeAgent.Environment.CumulativeReward.mean": {
            "value": 26.48300090432167,
            "min": -3.1945549796024957,
            "max": 95.02400489151478,
            "count": 136
        },
        "SnakeAgent.Environment.CumulativeReward.sum": {
            "value": 52.96600180864334,
            "min": -28.750994816422462,
            "max": 155.14001313596964,
            "count": 136
        },
        "SnakeAgent.Policy.ExtrinsicReward.mean": {
            "value": 26.48300090432167,
            "min": -3.1945549796024957,
            "max": 95.02400489151478,
            "count": 136
        },
        "SnakeAgent.Policy.ExtrinsicReward.sum": {
            "value": 52.96600180864334,
            "min": -28.750994816422462,
            "max": 155.14001313596964,
            "count": 136
        },
        "SnakeAgent.IsTraining.mean": {
            "value": 1.0,
            "min": 1.0,
            "max": 1.0,
            "count": 137
        },
        "SnakeAgent.IsTraining.sum": {
            "value": 1.0,
            "min": 1.0,
            "max": 1.0,
            "count": 137
        },
        "SnakeAgent.Losses.PolicyLoss.mean": {
            "value": 0.025252837537846063,
            "min": 0.022690131670970004,
            "max": 0.02648588441807078,
            "count": 3
        },
        "SnakeAgent.Losses.PolicyLoss.sum": {
            "value": 0.025252837537846063,
            "min": 0.022690131670970004,
            "max": 0.02648588441807078,
            "count": 3
        },
        "SnakeAgent.Losses.ValueLoss.mean": {
            "value": 1.1554280702024697,
            "min": 1.1554280702024697,
            "max": 1.6026175275444985,
            "count": 3
        },
        "SnakeAgent.Losses.ValueLoss.sum": {
            "value": 1.1554280702024697,
            "min": 1.1554280702024697,
            "max": 1.6026175275444985,
            "count": 3
        },
        "SnakeAgent.Policy.LearningRate.mean": {
            "value": 0.00011719506093500001,
            "min": 0.00011719506093500001,
            "max": 0.00014179985273340005,
            "count": 3
        },
        "SnakeAgent.Policy.LearningRate.sum": {
            "value": 0.00011719506093500001,
            "min": 0.00011719506093500001,
            "max": 0.00014179985273340005,
            "count": 3
        },
        "SnakeAgent.Policy.Epsilon.mean": {
            "value": 0.13906500000000002,
            "min": 0.13906500000000002,
            "max": 0.14726660000000003,
            "count": 3
        },
        "SnakeAgent.Policy.Epsilon.sum": {
            "value": 0.13906500000000002,
            "min": 0.13906500000000002,
            "max": 0.14726660000000003,
            "count": 3
        },
        "SnakeAgent.Policy.Beta.mean": {
            "value": 0.0005000000000000001,
            "min": 0.0005000000000000001,
            "max": 0.0005000000000000001,
            "count": 3
        },
        "SnakeAgent.Policy.Beta.sum": {
            "value": 0.0005000000000000001,
            "min": 0.0005000000000000001,
            "max": 0.0005000000000000001,
            "count": 3
        }
    },
    "metadata": {
        "timer_format_version": "0.1.0",
        "start_time_seconds": "1739991769",
        "python_version": "3.10.12 | packaged by Anaconda, Inc. | (main, Jul  5 2023, 19:01:18) [MSC v.1916 64 bit (AMD64)]",
        "command_line_arguments": "C:\\Users\\thorb\\Anaconda3\\envs\\mlagents\\Scripts\\mlagents-learn config/SnakeAgent.yaml --run-id=MTB_Snake_arctic --resume",
        "mlagents_version": "1.1.0",
        "mlagents_envs_version": "1.1.0",
        "communication_protocol_version": "1.5.0",
        "pytorch_version": "2.2.2+cu121",
        "numpy_version": "1.23.5",
        "end_time_seconds": "1739998013"
    },
    "total": 6244.601411299998,
    "count": 1,
    "self": 0.015821699998923577,
    "children": {
        "run_training.setup": {
            "total": 0.1261069000029238,
            "count": 1,
            "self": 0.1261069000029238
        },
        "TrainerController.start_learning": {
            "total": 6244.459482699996,
            "count": 1,
            "self": 3.475568999434472,
            "children": {
                "TrainerController._reset_env": {
                    "total": 18.641886800003704,
                    "count": 1,
                    "self": 18.641886800003704
                },
                "TrainerController.advance": {
                    "total": 6221.99274390057,
                    "count": 137841,
                    "self": 3.3765771995676914,
                    "children": {
                        "env_step": {
                            "total": 6132.414097603352,
                            "count": 137841,
                            "self": 5422.9580000013375,
                            "children": {
                                "SubprocessEnvManager._take_step": {
                                    "total": 707.1050160971499,
                                    "count": 137841,
                                    "self": 12.719761797241517,
                                    "children": {
                                        "TorchPolicy.evaluate": {
                                            "total": 694.3852542999084,
                                            "count": 137348,
                                            "self": 694.3852542999084
                                        }
                                    }
                                },
                                "workers": {
                                    "total": 2.351081504864851,
                                    "count": 137840,
                                    "self": 0.0,
                                    "children": {
                                        "worker_root": {
                                            "total": 6200.928370897702,
                                            "count": 137840,
                                            "is_parallel": true,
                                            "self": 984.777539695875,
                                            "children": {
                                                "steps_from_proto": {
                                                    "total": 0.0005241000035312027,
                                                    "count": 1,