{"count":1,"self":26173.1352576,"total":41033.8227797,"children":{"InitializeActuators":{"count":2,"self":0.0019998999999999998,"total":0.0019998999999999998,"children":null},"InitializeSensors":{"count":2,"self":0.0065211999999999996,"total":0.0065211999999999996,"children":null},"AgentSendState":{"count":4001199,"self":67.254784,"total":388.0021587,"children":{"GridSensor.Update":{"count":800240,"self":210.8480512,"total":210.8480495,"children":null},"CollectObservations":{"count":1600480,"self":4.2660583999999995,"total":4.2660582,"children":null},"WriteActionMask":{"count":1600480,"self":2.095566,"total":2.0955661,"children":null},"RequestDecision":{"count":1600480,"self":7.4902016,"total":103.5377041,"children":{"AgentInfo.ToProto":{"count":800240,"self":7.0996792,"total":93.817431599999992,"children":{"GenerateSensorData":{"count":800240,"self":17.9989408,"total":86.7177523,"children":{"GridSensor.GetCompressedObservation":{"count":800240,"self":68.7188096,"total":68.7188115,"children":null}}}}},"RayPerceptionSensor.Perceive":{"count":800240,"self":2.2300709999999997,"total":2.2300709999999997,"children":null}}}}},"DecideAction":{"count":4001199,"self":14438.0018688,"total":14438.001174899999,"children":null},"AgentAct":{"count":4001199,"self":33.2456224,"total":34.1461241,"children":{"RayPerceptionSensor.Perceive":{"count":4001,"self":0.0093665,"total":0.0093665,"children":null},"GridSensor.Update":{"count":2265,"self":0.6458532,"total":0.6458532,"children":null},"AgentInfo.ToProto":{"count":2265,"self":0.0105979,"total":0.2452817,"children":{"GenerateSensorData":{"count":2265,"self":0.041341499999999996,"total":0.2346838,"children":{"GridSensor.GetCompressedObservation":{"count":2265,"self":0.1933423,"total":0.1933423,"children":null}}}}}}},"GridSensor.Update":{"count":1463,"self":0.3582535,"total":0.3582535,"children":null},"AgentInfo.ToProto":{"count":1463,"self":0.012165899999999999,"total":0.1718121,"children":{"GenerateSensorData":{"count":1463,"self":0.0222734,"total":0.1596462,"children":{"GridSensor.GetCompressedObservation":{"count":1463,"self":0.1373728,"total":0.1373728,"children":null}}}}}},"gauges":{"GunAgent.CumulativeReward":{"count":4001,"max":0,"min":0,"runningAverage":0,"value":0,"weightedAverage":0},"SnakeAgent.CumulativeReward":{"count":3728,"max":148.083237,"min":-3.79720616,"runningAverage":7.52887869,"value":61.1414833,"weightedAverage":55.0450745}},"metadata":{"timer_format_version":"0.1.0","start_time_seconds":"1739912541","unity_version":"6000.0.36f1","command_line_arguments":"C:\\Program Files\\Unity\\Hub\\Editor\\6000.0.36f1\\Editor\\Unity.exe -projectpath C:\\Users\\thorb\\Unity\\AI\\ML_Snake -useHub -hubIPC -cloudEnvironment production","communication_protocol_version":"1.5.0","com.unity.ml-agents_version":"3.0.0","scene_name":"3D Snake","end_time_seconds":"1739953575"}}