{"count":1,"self":634.44024319999994,"total":660.33380089999991,"children":{"InitializeActuators":{"count":2,"self":0.0019833999999999997,"total":0.0019833999999999997,"children":null},"InitializeSensors":{"count":2,"self":0.0076617,"total":0.0076617,"children":null},"AgentSendState":{"count":17557,"self":0.27726069999999997,"total":1.3411769,"children":{"GridSensor.Update":{"count":3512,"self":0.9791943,"total":0.9791943,"children":null},"CollectObservations":{"count":7024,"self":0.0200284,"total":0.0200284,"children":null},"WriteActionMask":{"count":7024,"self":0.013675399999999999,"total":0.013675399999999999,"children":null},"RequestDecision":{"count":7024,"self":0.0510181,"total":0.0510181,"children":null}}},"DecideAction":{"count":17557,"self":20.7288256,"total":24.3533072,"children":{"GridSensor.Write":{"count":3512,"self":3.4763968,"total":3.4763965999999997,"children":null},"RayPerceptionSensor.Perceive":{"count":3512,"self":0.1480858,"total":0.1480858,"children":null}}},"AgentAct":{"count":17557,"self":0.1848637,"total":0.1878958,"children":{"GridSensor.Update":{"count":9,"self":0.0030321,"total":0.0030321,"children":null}}},"GridSensor.Update":{"count":4,"self":0.0015249999999999999,"total":0.0015249999999999999,"children":null}},"gauges":{"GunAgent.CumulativeReward":{"count":17,"max":0.07999999,"min":0,"runningAverage":0.0264705867,"value":0.04,"weightedAverage":0.0250640735},"SnakeAgent.CumulativeReward":{"count":13,"max":125.015228,"min":-78.92705,"runningAverage":39.34036,"value":38.2881432,"weightedAverage":40.4843826}},"metadata":{"timer_format_version":"0.1.0","start_time_seconds":"1739956837","unity_version":"6000.0.36f1","command_line_arguments":"C:\\Program Files\\Unity\\Hub\\Editor\\6000.0.36f1\\Editor\\Unity.exe -projectpath C:\\Users\\thorb\\Unity\\AI\\ML_Snake -useHub -hubIPC -cloudEnvironment production","communication_protocol_version":"1.5.0","com.unity.ml-agents_version":"3.0.0","scene_name":"3D Snake","end_time_seconds":"1739957498"}}