{"count":1,"self":59.4298304,"total":505.8236732,"children":{"InitializeActuators":{"count":15,"self":0.0015080999999999998,"total":0.0015080999999999998,"children":null},"InitializeSensors":{"count":15,"self":0.011225899999999999,"total":0.011225899999999999,"children":null},"AgentSendState":{"count":47983,"self":2.8916269999999997,"total":124.2409332,"children":{"GridSensor.Update":{"count":143955,"self":59.627551999999994,"total":59.6275537,"children":null},"CollectObservations":{"count":143955,"self":0.6129563,"total":0.6129563,"children":null},"WriteActionMask":{"count":143955,"self":0.40717899999999996,"total":0.40717899999999996,"children":null},"RequestDecision":{"count":143955,"self":1.8850018,"total":60.701617199999994,"children":{"AgentInfo.ToProto":{"count":143955,"self":1.9663008,"total":58.816615399999996,"children":{"GenerateSensorData":{"count":143955,"self":45.941676799999996,"total":56.8503147,"children":{"GridSensor.GetCompressedObservation":{"count":143955,"self":10.9086384,"total":10.908638199999999,"children":null}}}}}}}}},"DecideAction":{"count":47983,"self":319.54488319999996,"total":319.5448833,"children":null},"AgentAct":{"count":47983,"self":1.6269156999999999,"total":2.1843662999999998,"children":{"GridSensor.Update":{"count":460,"self":0.1930963,"total":0.1930963,"children":null},"AgentInfo.ToProto":{"count":460,"self":0.008236799999999999,"total":0.36435429999999996,"children":{"GenerateSensorData":{"count":460,"self":0.302427,"total":0.3561175,"children":{"GridSensor.GetCompressedObservation":{"count":460,"self":0.053690499999999995,"total":0.053690499999999995,"children":null}}}}}}},"GridSensor.Update":{"count":405,"self":0.19661769999999998,"total":0.19661769999999998,"children":null},"AgentInfo.ToProto":{"count":405,"self":0.0055689,"total":0.21221399999999999,"children":{"GenerateSensorData":{"count":405,"self":0.1533688,"total":0.2066451,"children":{"GridSensor.GetCompressedObservation":{"count":405,"self":0.0532763,"total":0.0532763,"children":null}}}}}},"gauges":{"RollerBall.CumulativeReward":{"count":865,"max":5,"min":0,"runningAverage":3.19190955,"value":5,"weightedAverage":4.993868}},"metadata":{"timer_format_version":"0.1.0","start_time_seconds":"1739280463","unity_version":"6000.0.36f1","command_line_arguments":"C:\\Program Files\\Unity\\Hub\\Editor\\6000.0.36f1\\Editor\\Unity.exe -projectpath C:\\Unity_projects\\ML_Snake -useHub -hubIPC -cloudEnvironment production","communication_protocol_version":"1.5.0","com.unity.ml-agents_version":"3.0.0","scene_name":"3D Snake","end_time_seconds":"1739280969"}}