{"count":1,"self":23.2819008,"total":23.521678599999998,"children":{"InitializeActuators":{"count":1,"self":0.0015222999999999999,"total":0.0015222999999999999,"children":null},"InitializeSensors":{"count":1,"self":0.0091840999999999989,"total":0.0091840999999999989,"children":null},"AgentSendState":{"count":836,"self":0.0115911,"total":0.20374869999999998,"children":{"GridSensor.Update":{"count":168,"self":0.0733759,"total":0.0733759,"children":null},"CollectObservations":{"count":168,"self":0.0020943999999999997,"total":0.0020943999999999997,"children":null},"WriteActionMask":{"count":168,"self":0,"total":0,"children":null},"RequestDecision":{"count":168,"self":0.097547399999999992,"total":0.1166873,"children":{"GridSensor.GetCompressedObservation":{"count":168,"self":0.019139899999999998,"total":0.019139899999999998,"children":null}}}}},"DecideAction":{"count":836,"self":0.0122346,"total":0.0122346,"children":null},"AgentAct":{"count":836,"self":0.013087699999999999,"total":0.013087699999999999,"children":null}},"gauges":{},"metadata":{"timer_format_version":"0.1.0","start_time_seconds":"1739369686","unity_version":"6000.0.36f1","command_line_arguments":"C:\\Program Files\\Unity\\Hub\\Editor\\6000.0.36f1\\Editor\\Unity.exe -projectpath C:\\Unity_projects\\ML_Snake -useHub -hubIPC -cloudEnvironment production","communication_protocol_version":"1.5.0","com.unity.ml-agents_version":"3.0.0","scene_name":"3D Snake","end_time_seconds":"1739369709"}}