{"count":1,"self":2645.3366784,"total":3299.6807429,"children":{"AgentSendState":{"count":82121,"self":5.9720727999999994,"total":217.85314259999998,"children":{"GridSensor.Update":{"count":246360,"self":174.3034496,"total":174.3034486,"children":null},"CollectObservations":{"count":246360,"self":1.8428963999999999,"total":1.8428963999999999,"children":null},"WriteActionMask":{"count":246360,"self":0.7800832,"total":0.7800832,"children":null},"RequestDecision":{"count":246360,"self":3.5109375999999997,"total":34.954641599999995,"children":{"AgentInfo.ToProto":{"count":246360,"self":2.7353946,"total":31.443704,"children":{"GenerateSensorData":{"count":246360,"self":6.5440628,"total":28.708309399999997,"children":{"GridSensor.GetCompressedObservation":{"count":246360,"self":22.1642464,"total":22.164246499999997,"children":null}}}}}}}}},"DecideAction":{"count":82121,"self":431.79412479999996,"total":431.79414169999995,"children":null},"AgentAct":{"count":82121,"self":3.6655072,"total":4.4658339,"children":{"GridSensor.Update":{"count":844,"self":0.6343078,"total":0.6343078,"children":null},"AgentInfo.ToProto":{"count":844,"self":0.0153783,"total":0.1660187,"children":{"GenerateSensorData":{"count":844,"self":0.043074299999999996,"total":0.15064039999999998,"children":{"GridSensor.GetCompressedObservation":{"count":844,"self":0.1075661,"total":0.1075661,"children":null}}}}}}},"InitializeActuators":{"count":15,"self":0.0030369999999999998,"total":0.0030369999999999998,"children":null},"InitializeSensors":{"count":15,"self":0.015132999999999999,"total":0.015132999999999999,"children":null},"GridSensor.Update":{"count":199,"self":0.1642043,"total":0.1642043,"children":null},"AgentInfo.ToProto":{"count":199,"self":0.0049497,"total":0.0456569,"children":{"GenerateSensorData":{"count":199,"self":0.0055701,"total":0.0407072,"children":{"GridSensor.GetCompressedObservation":{"count":199,"self":0.0351371,"total":0.0351371,"children":null}}}}}},"gauges":{"SnakeAgent.CumulativeReward":{"count":1043,"max":0.7402611,"min":-3.983991,"runningAverage":-1.38595009,"value":-0.9999907,"weightedAverage":-0.999990165}},"metadata":{"timer_format_version":"0.1.0","start_time_seconds":"1739792907","unity_version":"6000.0.36f1","command_line_arguments":"C:\\Program Files\\Unity\\Hub\\Editor\\6000.0.36f1\\Editor\\Unity.exe -projectpath C:\\Unity_projects\\ML_Snake -useHub -hubIPC -cloudEnvironment production","communication_protocol_version":"1.5.0","com.unity.ml-agents_version":"3.0.0","scene_name":"3D Snake","end_time_seconds":"1739796206"}}