{"count":1,"self":341.5581696,"total":754.42738079999992,"children":{"InitializeActuators":{"count":36,"self":0.0045201,"total":0.0045201,"children":null},"InitializeSensors":{"count":36,"self":0.0166613,"total":0.0166613,"children":null},"AgentSendState":{"count":20204,"self":12.2314856,"total":90.3953987,"children":{"GridSensor.Update":{"count":72738,"self":69.4240128,"total":69.4240098,"children":null},"CollectObservations":{"count":145476,"self":0.8848705,"total":0.8848705,"children":null},"WriteActionMask":{"count":145476,"self":0.43875539999999996,"total":0.43875539999999996,"children":null},"RequestDecision":{"count":145476,"self":1.5170023,"total":7.4162775,"children":{"AgentInfo.ToProto":{"count":36369,"self":0.45991719999999997,"total":5.2959552,"children":{"GenerateSensorData":{"count":36369,"self":1.2032295,"total":4.8360379999999994,"children":{"GridSensor.GetCompressedObservation":{"count":36369,"self":3.6328084,"total":3.6328085,"children":null}}}}},"RayPerceptionSensor.Perceive":{"count":72738,"self":0.60332,"total":0.60332,"children":null}}}}},"DecideAction":{"count":20204,"self":291.0535936,"total":319.2655724,"children":{"GridSensor.Write":{"count":36369,"self":28.2119872,"total":28.2119856,"children":null}}},"AgentAct":{"count":20204,"self":2.7418435999999997,"total":2.9181326999999997,"children":{"RayPerceptionSensor.Perceive":{"count":360,"self":0.0031244,"total":0.0031244,"children":null},"GridSensor.Update":{"count":136,"self":0.16350409999999999,"total":0.16350409999999999,"children":null},"AgentInfo.ToProto":{"count":67,"self":0,"total":0.0096604999999999989,"children":{"GenerateSensorData":{"count":67,"self":0.0025223,"total":0.0096604999999999989,"children":{"GridSensor.GetCompressedObservation":{"count":67,"self":0.0071382,"total":0.0071382,"children":null}}}}}}},"GridSensor.Update":{"count":211,"self":0.2462248,"total":0.2462248,"children":null},"AgentInfo.ToProto":{"count":109,"self":0,"total":0.0191377,"children":{"GenerateSensorData":{"count":109,"self":0.000553,"total":0.0191377,"children":{"GridSensor.GetCompressedObservation":{"count":109,"self":0.0185847,"total":0.0185847,"children":null}}}}}},"gauges":{"SnakeAgent.CumulativeReward":{"count":347,"max":364.813538,"min":-3.282999,"runningAverage":93.26518,"value":131.457321,"weightedAverage":135.582123},"GunAgent.CumulativeReward":{"count":360,"max":0,"min":0,"runningAverage":0,"value":0,"weightedAverage":0}},"metadata":{"timer_format_version":"0.1.0","start_time_seconds":"1739959160","unity_version":"6000.0.36f1","command_line_arguments":"C:\\Program Files\\Unity\\Hub\\Editor\\6000.0.36f1\\Editor\\Unity.exe -projectpath C:\\Unity_projects\\ML_Snake -useHub -hubIPC -cloudEnvironment production","communication_protocol_version":"1.5.0","com.unity.ml-agents_version":"3.0.0","scene_name":"3D Snake","end_time_seconds":"1739959914"}}