{"count":1,"self":1322.6752,"total":2826.4074473,"children":{"AgentSendState":{"count":59741,"self":23.931127999999998,"total":154.514069,"children":{"GridSensor.Update":{"count":179220,"self":105.712576,"total":105.71257899999999,"children":null},"CollectObservations":{"count":358440,"self":1.7793484,"total":1.7793485,"children":null},"WriteActionMask":{"count":358440,"self":0.9608399,"total":0.9608399,"children":null},"RequestDecision":{"count":358440,"self":3.5223747999999997,"total":22.1301736,"children":{"AgentInfo.ToProto":{"count":179220,"self":1.7136672,"total":17.383487199999998,"children":{"GenerateSensorData":{"count":179220,"self":3.9450727999999997,"total":15.669819899999998,"children":{"GridSensor.GetCompressedObservation":{"count":179220,"self":11.7247472,"total":11.7247471,"children":null}}}}},"RayPerceptionSensor.Perceive":{"count":179220,"self":1.2243117,"total":1.2243117,"children":null}}}}},"DecideAction":{"count":59741,"self":1344.54784,"total":1344.5478663,"children":null},"AgentAct":{"count":59741,"self":3.8319683999999996,"total":4.4387238,"children":{"RayPerceptionSensor.Perceive":{"count":885,"self":0.0057532,"total":0.0057532,"children":null},"GridSensor.Update":{"count":682,"self":0.48997779999999996,"total":0.48997779999999996,"children":null},"AgentInfo.ToProto":{"count":682,"self":0.0067626,"total":0.1110244,"children":{"GenerateSensorData":{"count":682,"self":0.011777099999999999,"total":0.1042618,"children":{"GridSensor.GetCompressedObservation":{"count":682,"self":0.092484699999999989,"total":0.092484699999999989,"children":null}}}}}}},"InitializeActuators":{"count":30,"self":0.0025096999999999997,"total":0.0025096999999999997,"children":null},"InitializeSensors":{"count":30,"self":0.0122521,"total":0.0122521,"children":null},"GridSensor.Update":{"count":255,"self":0.17613089999999998,"total":0.17613089999999998,"children":null},"AgentInfo.ToProto":{"count":255,"self":0.0071842999999999994,"total":0.0386667,"children":{"GenerateSensorData":{"count":255,"self":0.0061711,"total":0.0314824,"children":{"GridSensor.GetCompressedObservation":{"count":255,"self":0.0253113,"total":0.0253113,"children":null}}}}}},"gauges":{"SnakeAgent.CumulativeReward":{"count":937,"max":0.350008965,"min":-3.982991,"runningAverage":-1.5110606,"value":-0.9999907,"weightedAverage":-1.0007515},"GunAgent.CumulativeReward":{"count":885,"max":0,"min":0,"runningAverage":0,"value":0,"weightedAverage":0}},"metadata":{"timer_format_version":"0.1.0","start_time_seconds":"1739898910","unity_version":"6000.0.36f1","command_line_arguments":"C:\\Program Files\\Unity\\Hub\\Editor\\6000.0.36f1\\Editor\\Unity.exe -projectpath C:\\Unity_projects\\ML_Snake -useHub -hubIPC -cloudEnvironment production","communication_protocol_version":"1.5.0","com.unity.ml-agents_version":"3.0.0","scene_name":"3D Snake","end_time_seconds":"1739901736"}}