{"count":1,"self":2703.6532736,"total":4435.5936354999994,"children":{"InitializeActuators":{"count":2,"self":0,"total":0,"children":null},"InitializeSensors":{"count":2,"self":0.0050253,"total":0.0050253,"children":null},"AgentSendState":{"count":472162,"self":6.798328,"total":50.6825641,"children":{"GridSensor.Update":{"count":94433,"self":29.722121599999998,"total":29.722122,"children":null},"CollectObservations":{"count":188866,"self":0.58563199999999993,"total":0.58563199999999993,"children":null},"WriteActionMask":{"count":188866,"self":0.2954687,"total":0.2954687,"children":null},"RequestDecision":{"count":188866,"self":1.0615256,"total":13.281013,"children":{"AgentInfo.ToProto":{"count":94433,"self":0.821035,"total":12.2194874,"children":{"GenerateSensorData":{"count":94433,"self":2.2986282,"total":11.3984524,"children":{"GridSensor.GetCompressedObservation":{"count":94433,"self":9.099824,"total":9.0998242,"children":null}}}}}}}}},"DecideAction":{"count":472162,"self":1670.9922815999998,"total":1675.6025478,"children":{"RayPerceptionSensor.Perceive":{"count":94433,"self":4.6102571999999995,"total":4.6102571999999995,"children":null}}},"AgentAct":{"count":472162,"self":5.498654,"total":5.6298134,"children":{"GridSensor.Update":{"count":294,"self":0.0864679,"total":0.0864679,"children":null},"AgentInfo.ToProto":{"count":294,"self":0.0060503,"total":0.0446916,"children":{"GenerateSensorData":{"count":294,"self":0.0043399,"total":0.038641299999999996,"children":{"GridSensor.GetCompressedObservation":{"count":294,"self":0.034301399999999996,"total":0.034301399999999996,"children":null}}}}}}},"GridSensor.Update":{"count":33,"self":0.0145732,"total":0.0145732,"children":null},"AgentInfo.ToProto":{"count":33,"self":0.0007329,"total":0.0042515,"children":{"GenerateSensorData":{"count":33,"self":0.0025168,"total":0.0035185999999999998,"children":{"GridSensor.GetCompressedObservation":{"count":33,"self":0.0010018,"total":0.0010018,"children":null}}}}}},"gauges":{"GunAgent.CumulativeReward":{"count":472,"max":2,"min":0,"runningAverage":0.06144069,"value":0,"weightedAverage":0.0107604209},"SnakeAgent.CumulativeReward":{"count":327,"max":148.175171,"min":-86.76443,"runningAverage":23.55681,"value":16.9401321,"weightedAverage":26.77565}},"metadata":{"timer_format_version":"0.1.0","start_time_seconds":"1739959552","unity_version":"6000.0.36f1","command_line_arguments":"C:\\Program Files\\Unity\\Hub\\Editor\\6000.0.36f1\\Editor\\Unity.exe -projectpath C:\\Users\\thorb\\Unity\\AI\\ML_Snake -useHub -hubIPC -cloudEnvironment production","communication_protocol_version":"1.5.0","com.unity.ml-agents_version":"3.0.0","scene_name":"3D Snake","end_time_seconds":"1739963988"}}