{
    "name": "root",
    "gauges": {
        "SnakeAgent.Policy.Entropy.mean": {
            "value": 1.3910475969314575,
            "min": 1.3910475969314575,
            "max": 1.413888931274414,
            "count": 174
        },
        "SnakeAgent.Policy.Entropy.sum": {
            "value": 1384.0924072265625,
            "min": 1292.2943115234375,
            "max": 1493.066650390625,
            "count": 174
        },
        "SnakeAgent.Environment.EpisodeLength.mean": {
            "value": 164.83333333333334,
            "min": 81.125,
            "max": 319.5,
            "count": 174
        },
        "SnakeAgent.Environment.EpisodeLength.sum": {
            "value": 989.0,
            "min": 632.0,
            "max": 1351.0,
            "count": 174
        },
        "SnakeAgent.Step.mean": {
            "value": 269984.0,
            "min": 96959.0,
            "max": 269984.0,
            "count": 174
        },
        "SnakeAgent.Step.sum": {
            "value": 269984.0,
            "min": 96959.0,
            "max": 269984.0,
            "count": 174
        },
        "SnakeAgent.Policy.ExtrinsicValueEstimate.mean": {
            "value": 5.168106555938721,
            "min": -0.7184096574783325,
            "max": 5.900030136108398,
            "count": 174
        },
        "SnakeAgent.Policy.ExtrinsicValueEstimate.sum": {
            "value": 93.02591705322266,
            "min": -15.000624656677246,
            "max": 118.00060272216797,
            "count": 174
        },
        "SnakeAgent.Policy.GailValueEstimate.mean": {
            "value": 6.26118278503418,
            "min": 5.791544437408447,
            "max": 8.54029369354248,
            "count": 174
        },
        "SnakeAgent.Policy.GailValueEstimate.sum": {
            "value": 112.7012939453125,
            "min": 103.11392211914062,
            "max": 161.8664093017578,
            "count": 174
        },
        "SnakeAgent.Environment.CumulativeReward.mean": {
            "value": 23.70216561605533,
            "min": -2.3824286460876465,
            "max": 28.22299888432026,
            "count": 174
        },
        "SnakeAgent.Environment.CumulativeReward.sum": {
            "value": 142.21299369633198,
            "min": -19.778002202510834,
            "max": 211.39398723840714,
            "count": 174
        },
        "SnakeAgent.Policy.ExtrinsicReward.mean": {
            "value": 23.70216561605533,
            "min": -2.3824286460876465,
            "max": 28.22299888432026,
            "count": 174
        },
        "SnakeAgent.Policy.ExtrinsicReward.sum": {
            "value": 142.21299369633198,
            "min": -19.778002202510834,
            "max": 211.39398723840714,
            "count": 174
        },
        "SnakeAgent.Policy.GailReward.mean": {
            "value": 5.85672743121783,
            "min": 4.474075057676861,
            "max": 35.28294634819031,
            "count": 174
        },
        "SnakeAgent.Policy.GailReward.sum": {
            "value": 35.140364587306976,
            "min": 29.51215624809265,
            "max": 203.01398915052414,
            "count": 174
        },
        "SnakeAgent.IsTraining.mean": {
            "value": 1.0,
            "min": 1.0,
            "max": 1.0,
            "count": 174
        },
        "SnakeAgent.IsTraining.sum": {
            "value": 1.0,
            "min": 1.0,
            "max": 1.0,
            "count": 174
        },
        "SnakeAgent.Losses.PolicyLoss.mean": {
            "value": 0.0188290728838183,
            "min": 0.017440528311999513,
            "max": 0.0188290728838183,
            "count": 4
        },
        "SnakeAgent.Losses.PolicyLoss.sum": {
            "value": 0.0188290728838183,
            "min": 0.017440528311999513,
            "max": 0.0188290728838183,
            "count": 4
        },
        "SnakeAgent.Losses.ValueLoss.mean": {
            "value": 2.6752883911132814,
            "min": 2.0510181844234467,
            "max": 3.125170585513115,
            "count": 4
        },
        "SnakeAgent.Losses.ValueLoss.sum": {
            "value": 2.6752883911132814,
            "min": 2.0510181844234467,
            "max": 3.125170585513115,
            "count": 4
        },
        "SnakeAgent.Policy.LearningRate.mean": {
            "value": 0.0001439658520114,
            "min": 0.0001439658520114,
            "max": 0.00021772622742460005,
            "count": 4
        },
        "SnakeAgent.Policy.LearningRate.sum": {
            "value": 0.0001439658520114,
            "min": 0.0001439658520114,
            "max": 0.00021772622742460005,
            "count": 4
        },
        "SnakeAgent.Policy.Epsilon.mean": {
            "value": 0.14798860000000005,
            "min": 0.14798860000000005,
            "max": 0.17257539999999996,
            "count": 4
        },
        "SnakeAgent.Policy.Epsilon.sum": {
            "value": 0.14798860000000005,
            "min": 0.14798860000000005,
            "max": 0.17257539999999996,
            "count": 4
        },
        "SnakeAgent.Policy.Beta.mean": {
            "value": 0.0005000000000000001,
            "min": 0.0005000000000000001,
            "max": 0.0005000000000000001,
            "count": 4
        },
        "SnakeAgent.Policy.Beta.sum": {
            "value": 0.0005000000000000001,
            "min": 0.0005000000000000001,
            "max": 0.0005000000000000001,
            "count": 4
        },
        "SnakeAgent.Policy.GAILPolicyEstimate.mean": {
            "value": 0.05585164637304842,
            "min": 0.05585164637304842,
            "max": 0.13630639500916003,
            "count": 4
        },
        "SnakeAgent.Policy.GAILPolicyEstimate.sum": {
            "value": 0.05585164637304842,
            "min": 0.05585164637304842,
            "max": 0.13630639500916003,
            "count": 4
        },
        "SnakeAgent.Policy.GAILExpertEstimate.mean": {
            "value": 0.9577714495360852,
            "min": 0.9294872112572193,
            "max": 0.9577714495360852,
            "count": 4
        },
        "SnakeAgent.Policy.GAILExpertEstimate.sum": {
            "value": 0.9577714495360852,
            "min": 0.9294872112572193,
            "max": 0.9577714495360852,
            "count": 4
        },
        "SnakeAgent.Losses.GAILLoss.mean": {
            "value": 0.10499436240643263,
            "min": 0.10499436240643263,
            "max": 0.20701803155243398,
            "count": 4
        },
        "SnakeAgent.Losses.GAILLoss.sum": {
            "value": 0.10499436240643263,
            "min": 0.10499436240643263,
            "max": 0.20701803155243398,
            "count": 4
        },
        "SnakeAgent.Policy.GAILGradMagLoss.mean": {
            "value": 0.05669448650442064,
            "min": 0.05669448650442064,
            "max": 0.1157312941737473,
            "count": 4
        },
        "SnakeAgent.Policy.GAILGradMagLoss.sum": {
            "value": 0.05669448650442064,
            "min": 0.05669448650442064,
            "max": 0.1157312941737473,
            "count": 4
        },
        "SnakeAgent.Losses.PretrainingLoss.mean": {
            "value": 1.1190297206242878,
            "min": 1.1042639811833699,
            "max": 1.1345329284667969,
            "count": 4
        },
        "SnakeAgent.Losses.PretrainingLoss.sum": {
            "value": 1.1190297206242878,
            "min": 1.1042639811833699,
            "max": 1.1345329284667969,
            "count": 4
        }
    },
    "metadata": {
        "timer_format_version": "0.1.0",
        "start_time_seconds": "1739957958",
        "python_version": "3.10.12 | packaged by Anaconda, Inc. | (main, Jul  5 2023, 19:01:18) [MSC v.1916 64 bit (AMD64)]",
        "command_line_arguments": "C:\\Users\\Bjark\\miniconda3\\envs\\mlagents\\Scripts\\mlagents-learn config/SnakeAgent.yaml --run-id=ArcticSnake5 --resume",
        "mlagents_version": "1.1.0",