{
    "name": "root",
    "gauges": {
        "SnakeAgent.Policy.Entropy.mean": {
            "value": 1.3910475969314575,
            "min": 1.391047477722168,
            "max": 1.391047716140747,
            "count": 6
        },
        "SnakeAgent.Policy.Entropy.sum": {
            "value": 1385.4833984375,
            "min": 763.68505859375,
            "max": 1421.650634765625,
            "count": 6
        },
        "SnakeAgent.Step.mean": {
            "value": 276993.0,
            "min": 271977.0,
            "max": 276993.0,
            "count": 6
        },
        "SnakeAgent.Step.sum": {
            "value": 276993.0,
            "min": 271977.0,
            "max": 276993.0,
            "count": 6
        },
        "SnakeAgent.Policy.ExtrinsicValueEstimate.mean": {
            "value": 3.8210792541503906,
            "min": 3.6570165157318115,
            "max": 4.283459663391113,
            "count": 6
        },
        "SnakeAgent.Policy.ExtrinsicValueEstimate.sum": {
            "value": 76.42158508300781,
            "min": 42.834598541259766,
            "max": 94.12830352783203,
            "count": 6
        },
        "SnakeAgent.Environment.EpisodeLength.mean": {
            "value": 80.53846153846153,
            "min": 74.91666666666667,
            "max": 81.07692307692308,
            "count": 6
        },
        "SnakeAgent.Environment.EpisodeLength.sum": {
            "value": 1047.0,
            "min": 542.0,
            "max": 1054.0,
            "count": 6
        },
        "SnakeAgent.Environment.CumulativeReward.mean": {
            "value": -1.533583531777064,
            "min": -3.2292500138282776,
            "max": 0.5464994410673777,
            "count": 6
        },
        "SnakeAgent.Environment.CumulativeReward.sum": {
            "value": -18.403002381324768,
            "min": -38.75100016593933,
            "max": 3.2789966464042664,
            "count": 6
        },
        "SnakeAgent.Policy.ExtrinsicReward.mean": {
            "value": -1.533583531777064,
            "min": -3.2292500138282776,
            "max": 0.5464994410673777,
            "count": 6
        },
        "SnakeAgent.Policy.ExtrinsicReward.sum": {
            "value": -18.403002381324768,
            "min": -38.75100016593933,
            "max": 3.2789966464042664,
            "count": 6
        },
        "SnakeAgent.IsTraining.mean": {
            "value": 1.0,
            "min": 1.0,
            "max": 1.0,
            "count": 6
        },
        "SnakeAgent.IsTraining.sum": {
            "value": 1.0,
            "min": 1.0,
            "max": 1.0,
            "count": 6
        }
    },
    "metadata": {
        "timer_format_version": "0.1.0",
        "start_time_seconds": "1739967009",
        "python_version": "3.10.12 | packaged by Anaconda, Inc. | (main, Jul  5 2023, 19:01:18) [MSC v.1916 64 bit (AMD64)]",
        "command_line_arguments": "C:\\Users\\Bjark\\miniconda3\\envs\\mlagents\\Scripts\\mlagents-learn config/SnakeAgent.yaml --run-id=ArcticSnake5 --resume",
        "mlagents_version": "1.1.0",
        "mlagents_envs_version": "1.1.0",
        "communication_protocol_version": "1.5.0",
        "pytorch_version": "2.2.2+cu121",
        "numpy_version": "1.23.5",
        "end_time_seconds": "1739967302"
    },
    "total": 292.1579053000314,
    "count": 1,
    "self": 0.005959099973551929,
    "children": {
        "run_training.setup": {
            "total": 0.11557190003804862,
            "count": 1,
            "self": 0.11557190003804862
        },
        "TrainerController.start_learning": {
            "total": 292.0363743000198,
            "count": 1,
            "self": 0.12556500057689846,
            "children": {
                "TrainerController._reset_env": {
                    "total": 14.876612400054,
                    "count": 1,
                    "self": 14.876612400054
                },
                "TrainerController.advance": {
                    "total": 276.89430559938774,
                    "count": 5776,
                    "self": 0.12854630267247558,
                    "children": {
                        "env_step": {
                            "total": 275.59124119894113,
                            "count": 5776,
                            "self": 254.63638910721056,
                            "children": {
                                "SubprocessEnvManager._take_step": {
                                    "total": 20.871364795486443,
                                    "count": 5777,
                                    "self": 0.38850239338353276,
                                    "children": {
                                        "TorchPolicy.evaluate": {
                                            "total": 20.48286240210291,
                                            "count": 5718,
                                            "self": 20.48286240210291
                                        }
                                    }
                                },
                                "workers": {
                                    "total": 0.08348729624412954,
                                    "count": 5775,
                                    "self": 0.0,
                                    "children": {
                                        "worker_root": {
                                            "total": 204.9900864980882,
                                            "count": 5775,
                                            "is_parallel": true,
                                            "self": 29.879282494424842,
                                            "children": {
                                                "steps_from_proto": {
                                                    "total": 0.0007260999409481883,
                                                    "count": 2,
                                                    "is_parallel": true,
                                                    "self": 0.00022169994190335274,
                                                    "children": {
                                                        "_process_rank_one_or_two_observation": {
                                                            "total": 0.0005043999990448356,
                                                            "count": 8,
                                                            "is_parallel": true,
                                                            "self": 0.0005043999990448356
                                                        }
                                                    }
                                                },
                                                "UnityEnvironment.step": {
                                                    "total": 175.1100779037224,
                                                    "count": 5775,
                                                    "is_parallel": true,
                                                    "self": 0.6767871914198622,
                                                    "children": {
                                                        "UnityEnvironment._generate_step_input": {
                                                            "total": 0.4301867055473849,
                                                            "count": 5775,
                                                            "is_parallel": true,
                                                            "self": 0.4301867055473849
                                                        },
                                                        "communicator.exchange": {
                                                            "total": 172.25706100370735,
                                                            "count": 5775,
                                                            "is_parallel": true,