{
    "name": "root",
    "metadata": {
        "timer_format_version": "0.1.0",
        "start_time_seconds": "1740039020",
        "python_version": "3.10.12 | packaged by Anaconda, Inc. | (main, Jul  5 2023, 19:01:18) [MSC v.1916 64 bit (AMD64)]",
        "command_line_arguments": "C:\\Users\\Anders\\miniconda3\\envs\\mlagents\\Scripts\\mlagents-learn config/SnakeAgent.yaml --run-id=2SnakesWithGun --resume",
        "mlagents_version": "1.1.0",
        "mlagents_envs_version": "1.1.0",
        "communication_protocol_version": "1.5.0",
        "pytorch_version": "2.2.2+cu121",
        "numpy_version": "1.23.5",
        "end_time_seconds": "1740039041"
    },
    "total": 21.696487699999977,
    "count": 1,
    "self": 0.05147849999997334,
    "children": {
        "run_training.setup": {
            "total": 0.5427381000000082,
            "count": 1,
            "self": 0.5427381000000082
        },
        "TrainerController.start_learning": {
            "total": 21.102271099999996,
            "count": 1,
            "self": 0.0004392000000166263,
            "children": {
                "TrainerController._reset_env": {
                    "total": 19.842365599999994,
                    "count": 1,
                    "self": 15.754541899999992,
                    "children": {
                        "demo_to_buffer": {
                            "total": 4.087823700000001,
                            "count": 2,
                            "self": 0.0006063999999241787,
                            "children": {
                                "load_demonstration": {
                                    "total": 0.10367190000005166,
                                    "count": 2,
                                    "self": 0.09880809999998519,
                                    "children": {
                                        "read_file": {
                                            "total": 0.004863800000066476,
                                            "count": 2,
                                            "self": 0.004863800000066476
                                        }
                                    }
                                },
                                "make_demo_buffer": {
                                    "total": 3.9835454000000254,
                                    "count": 2,
                                    "self": 0.7299395999987155,
                                    "children": {
                                        "steps_from_proto": {
                                            "total": 3.25360580000131,
                                            "count": 9172,
                                            "self": 1.3689902999955734,
                                            "children": {
                                                "_process_rank_one_or_two_observation": {
                                                    "total": 1.8846155000057365,
                                                    "count": 36688,
                                                    "self": 1.8846155000057365
                                                }
                                            }
                                        }
                                    }
                                }
                            }
                        }
                    }
                },
                "trainer_threads": {
                    "total": 2.4999999936881068e-06,
                    "count": 1,
                    "self": 2.4999999936881068e-06
                },
                "TrainerController._save_models": {
                    "total": 1.2594637999999918,
                    "count": 1,
                    "self": 0.3682713000000035,
                    "children": {
                        "RLTrainer._checkpoint": {
                            "total": 0.8911924999999883,
                            "count": 1,
                            "self": 0.8911924999999883
                        }
                    }
                }
            }
        }
    }
}