{
    "name": "root",
    "metadata": {
        "timer_format_version": "0.1.0",
        "start_time_seconds": "1739538208",
        "python_version": "3.10.12 | packaged by Anaconda, Inc. | (main, Jul  5 2023, 19:01:18) [MSC v.1916 64 bit (AMD64)]",
        "command_line_arguments": "C:\\Users\\thorb\\Anaconda3\\envs\\mlagents\\Scripts\\mlagents-learn config/SnakeAgent.yaml --run-id=NewSnakeWithTarget --force",
        "mlagents_version": "1.1.0",
        "mlagents_envs_version": "1.1.0",
        "communication_protocol_version": "1.5.0",
        "pytorch_version": "2.2.2+cu121",
        "numpy_version": "1.23.5",
        "end_time_seconds": "1739538423"
    },
    "total": 214.66261450000093,
    "count": 1,
    "self": 0.010410500002763001,
    "children": {
        "run_training.setup": {
            "total": 0.13053260000015143,
            "count": 1,
            "self": 0.13053260000015143
        },
        "TrainerController.start_learning": {
            "total": 214.521671399998,
            "count": 1,
            "self": 0.008822399977361783,
            "children": {
                "TrainerController._reset_env": {
                    "total": 55.54998120000164,
                    "count": 1,
                    "self": 55.54998120000164
                },
                "TrainerController.advance": {
                    "total": 158.61619490001976,
                    "count": 340,
                    "self": 0.00901140001224121,
                    "children": {
                        "env_step": {
                            "total": 158.44231890002266,
                            "count": 340,
                            "self": 155.6412458999621,
                            "children": {
                                "SubprocessEnvManager._take_step": {
                                    "total": 2.7940096000493213,
                                    "count": 341,
                                    "self": 0.03233230010664556,
                                    "children": {
                                        "TorchPolicy.evaluate": {
                                            "total": 2.7616772999426757,
                                            "count": 339,
                                            "self": 2.7616772999426757
                                        }
                                    }
                                },
                                "workers": {
                                    "total": 0.007063400011247722,
                                    "count": 339,
                                    "self": 0.0,
                                    "children": {
                                        "worker_root": {
                                            "total": 22.261824300006992,
                                            "count": 339,
                                            "is_parallel": true,
                                            "self": 2.473674800039589,
                                            "children": {
                                                "steps_from_proto": {
                                                    "total": 0.028239300001587253,
                                                    "count": 1,
                                                    "is_parallel": true,
                                                    "self": 0.0001717000013741199,
                                                    "children": {
                                                        "_process_maybe_compressed_observation": {
                                                            "total": 0.027917899999010842,
                                                            "count": 2,
                                                            "is_parallel": true,
                                                            "self": 4.529999932856299e-05,
                                                            "children": {
                                                                "_observation_to_np_array": {
                                                                    "total": 0.02787259999968228,
                                                                    "count": 1,
                                                                    "is_parallel": true,
                                                                    "self": 3.909999941242859e-05,
                                                                    "children": {
                                                                        "process_pixels": {
                                                                            "total": 0.02783350000026985,
                                                                            "count": 1,
                                                                            "is_parallel": true,
                                                                            "self": 0.00023549999968963675,
                                                                            "children": {
                                                                                "image_decompress": {
                                                                                    "total": 0.027598000000580214,
                                                                                    "count": 1,
                                                                                    "is_parallel": true,
                                                                                    "self": 0.027598000000580214
                                                                                }
                                                                            }
                                                                        }
                                                                    }
                                                                }
                                                            }
                                                        },
                                                        "_process_rank_one_or_two_observation": {
                                                            "total": 0.00014970000120229088,
                                                            "count": 2,
                                                            "is_parallel": true,
                                                            "self": 0.00014970000120229088
                                                        }
                                                    }
                                                },
                                                "UnityEnvironment.step": {
                                                    "total": 19.759910199965816,
                                                    "count": 339,
                                                    "is_parallel": true,
                                                    "self": 0.03839899989179685,
                                                    "children": {
                                                        "UnityEnvironment._generate_step_input": {
                                                            "total": 0.03521889998592087,
                                                            "count": 339,
                                                            "is_parallel": true,
                                                            "self": 0.03521889998592087
                                                        },
                                                        "communicator.exchange": {
                                                            "total": 19.47788760007097,
                                                            "count": 339,