{
    "name": "root",
    "metadata": {
        "timer_format_version": "0.1.0",
        "start_time_seconds": "1739540733",
        "python_version": "3.10.12 | packaged by Anaconda, Inc. | (main, Jul  5 2023, 19:01:18) [MSC v.1916 64 bit (AMD64)]",
        "command_line_arguments": "C:\\Users\\thorb\\Anaconda3\\envs\\mlagents\\Scripts\\mlagents-learn config/SnakeAgent.yaml --run-id=NewSnakeWithTarget --force",
        "mlagents_version": "1.1.0",
        "mlagents_envs_version": "1.1.0",
        "communication_protocol_version": "1.5.0",
        "pytorch_version": "2.2.2+cu121",
        "numpy_version": "1.23.5",
        "end_time_seconds": "1739540845"
    },
    "total": 111.65086389999851,
    "count": 1,
    "self": 0.012919200002215803,
    "children": {
        "run_training.setup": {
            "total": 0.12369769999713753,
            "count": 1,
            "self": 0.12369769999713753
        },
        "TrainerController.start_learning": {
            "total": 111.51424699999916,
            "count": 1,
            "self": 0.018299200004548766,
            "children": {
                "TrainerController._reset_env": {
                    "total": 15.760364599998866,
                    "count": 1,
                    "self": 15.760364599998866
                },
                "TrainerController.advance": {
                    "total": 95.37134039999728,
                    "count": 682,
                    "self": 0.01844019998316071,
                    "children": {
                        "env_step": {
                            "total": 95.14344690003054,
                            "count": 682,
                            "self": 91.11351150012342,
                            "children": {
                                "SubprocessEnvManager._take_step": {
                                    "total": 4.014822099983576,
                                    "count": 682,
                                    "self": 0.06851200000528479,
                                    "children": {
                                        "TorchPolicy.evaluate": {
                                            "total": 3.946310099978291,
                                            "count": 681,
                                            "self": 3.946310099978291
                                        }
                                    }
                                },
                                "workers": {
                                    "total": 0.01511329992354149,
                                    "count": 681,
                                    "self": 0.0,
                                    "children": {
                                        "worker_root": {
                                            "total": 34.03481619997547,
                                            "count": 681,
                                            "is_parallel": true,
                                            "self": 7.216943900013575,
                                            "children": {
                                                "steps_from_proto": {
                                                    "total": 0.03866179999749875,
                                                    "count": 1,
                                                    "is_parallel": true,
                                                    "self": 0.0002103000006172806,
                                                    "children": {
                                                        "_process_maybe_compressed_observation": {
                                                            "total": 0.03828799999973853,
                                                            "count": 2,
                                                            "is_parallel": true,
                                                            "self": 5.289999899105169e-05,
                                                            "children": {
                                                                "_observation_to_np_array": {
                                                                    "total": 0.03823510000074748,
                                                                    "count": 1,
                                                                    "is_parallel": true,
                                                                    "self": 4.850000186706893e-05,
                                                                    "children": {
                                                                        "process_pixels": {
                                                                            "total": 0.03818659999888041,
                                                                            "count": 1,
                                                                            "is_parallel": true,
                                                                            "self": 0.0010904999980994035,
                                                                            "children": {
                                                                                "image_decompress": {
                                                                                    "total": 0.03709610000078101,
                                                                                    "count": 1,
                                                                                    "is_parallel": true,
                                                                                    "self": 0.03709610000078101
                                                                                }
                                                                            }
                                                                        }
                                                                    }
                                                                }
                                                            }
                                                        },
                                                        "_process_rank_one_or_two_observation": {
                                                            "total": 0.00016349999714293517,
                                                            "count": 2,
                                                            "is_parallel": true,
                                                            "self": 0.00016349999714293517
                                                        }
                                                    }
                                                },
                                                "UnityEnvironment.step": {
                                                    "total": 26.779210499964393,
                                                    "count": 681,
                                                    "is_parallel": true,
                                                    "self": 0.07940970001436654,
                                                    "children": {
                                                        "UnityEnvironment._generate_step_input": {
                                                            "total": 0.07408130003750557,
                                                            "count": 681,
                                                            "is_parallel": true,
                                                            "self": 0.07408130003750557
                                                        },
                                                        "communicator.exchange": {
                                                            "total": 26.19668979998096,
                                                            "count": 681,