{
    "name": "root",
    "gauges": {
        "SnakeAgent.Policy.Entropy.mean": {
            "value": 1.418938398361206,
            "min": 1.418938398361206,
            "max": 1.418938398361206,
            "count": 1
        },
        "SnakeAgent.Policy.Entropy.sum": {
            "value": 1496.97998046875,
            "min": 1496.97998046875,
            "max": 1496.97998046875,
            "count": 1
        },
        "SnakeAgent.Step.mean": {
            "value": 991.0,
            "min": 991.0,
            "max": 991.0,
            "count": 1
        },
        "SnakeAgent.Step.sum": {
            "value": 991.0,
            "min": 991.0,
            "max": 991.0,
            "count": 1
        },
        "SnakeAgent.Policy.ExtrinsicValueEstimate.mean": {
            "value": -0.018556945025920868,
            "min": -0.018556945025920868,
            "max": -0.018556945025920868,
            "count": 1
        },
        "SnakeAgent.Policy.ExtrinsicValueEstimate.sum": {
            "value": -0.3525819480419159,
            "min": -0.3525819480419159,
            "max": -0.3525819480419159,
            "count": 1
        },
        "SnakeAgent.Environment.EpisodeLength.mean": {
            "value": 184.4,
            "min": 184.4,
            "max": 184.4,
            "count": 1
        },
        "SnakeAgent.Environment.EpisodeLength.sum": {
            "value": 922.0,
            "min": 922.0,
            "max": 922.0,
            "count": 1
        },
        "SnakeAgent.Environment.CumulativeReward.mean": {
            "value": -0.6379999991506338,
            "min": -0.6379999991506338,
            "max": -0.6379999991506338,
            "count": 1
        },
        "SnakeAgent.Environment.CumulativeReward.sum": {
            "value": -3.189999995753169,
            "min": -3.189999995753169,
            "max": -3.189999995753169,
            "count": 1
        },
        "SnakeAgent.Policy.ExtrinsicReward.mean": {
            "value": -0.6379999991506338,
            "min": -0.6379999991506338,
            "max": -0.6379999991506338,
            "count": 1
        },
        "SnakeAgent.Policy.ExtrinsicReward.sum": {
            "value": -3.189999995753169,
            "min": -3.189999995753169,
            "max": -3.189999995753169,
            "count": 1
        },
        "SnakeAgent.IsTraining.mean": {
            "value": 1.0,
            "min": 1.0,
            "max": 1.0,
            "count": 1
        },
        "SnakeAgent.IsTraining.sum": {
            "value": 1.0,
            "min": 1.0,
            "max": 1.0,
            "count": 1
        }
    },
    "metadata": {
        "timer_format_version": "0.1.0",
        "start_time_seconds": "1739540389",
        "python_version": "3.10.12 | packaged by Anaconda, Inc. | (main, Jul  5 2023, 19:01:18) [MSC v.1916 64 bit (AMD64)]",
        "command_line_arguments": "C:\\Users\\thorb\\Anaconda3\\envs\\mlagents\\Scripts\\mlagents-learn config/SnakeAgent.yaml --run-id=NewSnakeWithTarget --force",
        "mlagents_version": "1.1.0",
        "mlagents_envs_version": "1.1.0",
        "communication_protocol_version": "1.5.0",
        "pytorch_version": "2.2.2+cu121",
        "numpy_version": "1.23.5",
        "end_time_seconds": "1739540518"
    },
    "total": 128.53324369999973,
    "count": 1,
    "self": 0.017332699997496093,
    "children": {
        "run_training.setup": {
            "total": 0.12188550000064424,
            "count": 1,
            "self": 0.12188550000064424
        },
        "TrainerController.start_learning": {
            "total": 128.3940255000016,
            "count": 1,
            "self": 0.030839299954095623,
            "children": {
                "TrainerController._reset_env": {
                    "total": 12.640887300000031,
                    "count": 1,
                    "self": 12.640887300000031
                },
                "TrainerController.advance": {
                    "total": 115.21635420004532,
                    "count": 1134,
                    "self": 0.031081600060133496,
                    "children": {
                        "env_step": {
                            "total": 114.80421169996043,
                            "count": 1134,
                            "self": 107.91896020005515,
                            "children": {
                                "SubprocessEnvManager._take_step": {
                                    "total": 6.859014099958586,
                                    "count": 1134,
                                    "self": 0.10894469989580102,
                                    "children": {
                                        "TorchPolicy.evaluate": {
                                            "total": 6.7500694000627846,
                                            "count": 1130,
                                            "self": 6.7500694000627846
                                        }
                                    }
                                },
                                "workers": {
                                    "total": 0.026237399946694495,
                                    "count": 1133,
                                    "self": 0.0,
                                    "children": {
                                        "worker_root": {
                                            "total": 54.1256804999357,
                                            "count": 1133,
                                            "is_parallel": true,
                                            "self": 11.21300359995439,
                                            "children": {
                                                "steps_from_proto": {
                                                    "total": 0.04588340000191238,
                                                    "count": 1,
                                                    "is_parallel": true,
                                                    "self": 0.00022060000264900737,
                                                    "children": {
                                                        "_process_maybe_compressed_observation": {
                                                            "total": 0.04338459999780753,
                                                            "count": 2,
                                                            "is_parallel": true,
                                                            "self": 6.769999890821055e-05,
                                                            "children": {
                                                                "_observation_to_np_array": {
                                                                    "total": 0.043316899998899316,
                                                                    "count": 1,
                                                                    "is_parallel": true,
                                                                    "self": 4.5099997805664316e-05,
                                                                    "children": {
                                                                        "process_pixels": {
                                                                            "total": 0.04327180000109365,
                                                                            "count": 1,
                                                                            "is_parallel": true,
                                                                            "self": 0.002145599999494152,
                                                                            "children": {
                                                                                "image_decompress": {
                                                                                    "total": 0.0411262000015995,