{
    "name": "root",
    "gauges": {
        "SnakeAgent.Policy.Entropy.mean": {
            "value": 1.4189382791519165,
            "min": 1.4189382791519165,
            "max": 1.4189382791519165,
            "count": 1
        },
        "SnakeAgent.Policy.Entropy.sum": {
            "value": 1418.938232421875,
            "min": 1418.938232421875,
            "max": 1418.938232421875,
            "count": 1
        },
        "SnakeAgent.Step.mean": {
            "value": 992.0,
            "min": 992.0,
            "max": 992.0,
            "count": 1
        },
        "SnakeAgent.Step.sum": {
            "value": 992.0,
            "min": 992.0,
            "max": 992.0,
            "count": 1
        },
        "SnakeAgent.Policy.ExtrinsicValueEstimate.mean": {
            "value": 0.08352944254875183,
            "min": 0.08352944254875183,
            "max": 0.08352944254875183,
            "count": 1
        },
        "SnakeAgent.Policy.ExtrinsicValueEstimate.sum": {
            "value": 1.4200005531311035,
            "min": 1.4200005531311035,
            "max": 1.4200005531311035,
            "count": 1
        },
        "SnakeAgent.Environment.EpisodeLength.mean": {
            "value": 332.3333333333333,
            "min": 332.3333333333333,
            "max": 332.3333333333333,
            "count": 1
        },
        "SnakeAgent.Environment.EpisodeLength.sum": {
            "value": 997.0,
            "min": 997.0,
            "max": 997.0,
            "count": 1
        },
        "SnakeAgent.Environment.CumulativeReward.mean": {
            "value": 0.9450000021606684,
            "min": 0.9450000021606684,
            "max": 0.9450000021606684,
            "count": 1
        },
        "SnakeAgent.Environment.CumulativeReward.sum": {
            "value": 1.8900000043213367,
            "min": 1.8900000043213367,
            "max": 1.8900000043213367,
            "count": 1
        },
        "SnakeAgent.Policy.ExtrinsicReward.mean": {
            "value": 0.9450000021606684,
            "min": 0.9450000021606684,
            "max": 0.9450000021606684,
            "count": 1
        },
        "SnakeAgent.Policy.ExtrinsicReward.sum": {
            "value": 1.8900000043213367,
            "min": 1.8900000043213367,
            "max": 1.8900000043213367,
            "count": 1
        },
        "SnakeAgent.IsTraining.mean": {
            "value": 1.0,
            "min": 1.0,
            "max": 1.0,
            "count": 1
        },
        "SnakeAgent.IsTraining.sum": {
            "value": 1.0,
            "min": 1.0,
            "max": 1.0,
            "count": 1
        }
    },
    "metadata": {
        "timer_format_version": "0.1.0",
        "start_time_seconds": "1739540933",
        "python_version": "3.10.12 | packaged by Anaconda, Inc. | (main, Jul  5 2023, 19:01:18) [MSC v.1916 64 bit (AMD64)]",
        "command_line_arguments": "C:\\Users\\thorb\\Anaconda3\\envs\\mlagents\\Scripts\\mlagents-learn config/SnakeAgent.yaml --run-id=NewSnakeWithTarget --force",
        "mlagents_version": "1.1.0",
        "mlagents_envs_version": "1.1.0",
        "communication_protocol_version": "1.5.0",
        "pytorch_version": "2.2.2+cu121",
        "numpy_version": "1.23.5",
        "end_time_seconds": "1739541059"
    },
    "total": 126.17778360000011,
    "count": 1,
    "self": 0.011302400002023205,
    "children": {
        "run_training.setup": {
            "total": 0.1403174000006402,
            "count": 1,
            "self": 0.1403174000006402
        },
        "TrainerController.start_learning": {
            "total": 126.02616379999745,
            "count": 1,
            "self": 0.03175559996816446,
            "children": {
                "TrainerController._reset_env": {
                    "total": 9.532825300000695,
                    "count": 1,
                    "self": 9.532825300000695
                },
                "TrainerController.advance": {
                    "total": 116.14660530002584,
                    "count": 1227,
                    "self": 0.0321716000289598,
                    "children": {
                        "env_step": {
                            "total": 115.77717879997363,
                            "count": 1227,
                            "self": 108.85477790008008,
                            "children": {
                                "SubprocessEnvManager._take_step": {
                                    "total": 6.895777799858479,
                                    "count": 1227,
                                    "self": 0.1193694999528816,
                                    "children": {
                                        "TorchPolicy.evaluate": {
                                            "total": 6.776408299905597,
                                            "count": 1227,
                                            "self": 6.776408299905597
                                        }
                                    }
                                },
                                "workers": {
                                    "total": 0.026623100035067182,
                                    "count": 1226,
                                    "self": 0.0,
                                    "children": {
                                        "worker_root": {
                                            "total": 54.85761910010115,
                                            "count": 1226,
                                            "is_parallel": true,
                                            "self": 10.935417900120228,
                                            "children": {
                                                "steps_from_proto": {
                                                    "total": 0.030827100003079977,
                                                    "count": 1,
                                                    "is_parallel": true,
                                                    "self": 0.0001520000041637104,
                                                    "children": {
                                                        "_process_maybe_compressed_observation": {
                                                            "total": 0.030290700000477955,
                                                            "count": 2,
                                                            "is_parallel": true,
                                                            "self": 4.160000025876798e-05,
                                                            "children": {
                                                                "_observation_to_np_array": {
                                                                    "total": 0.030249100000219187,
                                                                    "count": 1,
                                                                    "is_parallel": true,
                                                                    "self": 3.5799999750452116e-05,
                                                                    "children": {
                                                                        "process_pixels": {
                                                                            "total": 0.030213300000468735,
                                                                            "count": 1,
                                                                            "is_parallel": true,
                                                                            "self": 0.0010049999982584268,
                                                                            "children": {
                                                                                "image_decompress": {
                                                                                    "total": 0.029208300002210308,