{
    "name": "root",
    "gauges": {
        "SnakeAgent.Policy.Entropy.mean": {
            "value": -0.04413570836186409,
            "min": -0.2734474241733551,
            "max": 1.4133045673370361,
            "count": 327
        },
        "SnakeAgent.Policy.Entropy.sum": {
            "value": -42.37028121948242,
            "min": -272.3536376953125,
            "max": 1491.420166015625,
            "count": 327
        },
        "SnakeAgent.Step.mean": {
            "value": 326961.0,
            "min": 948.0,
            "max": 326961.0,
            "count": 327
        },
        "SnakeAgent.Step.sum": {
            "value": 326961.0,
            "min": 948.0,
            "max": 326961.0,
            "count": 327
        },
        "SnakeAgent.Policy.ExtrinsicValue.mean": {
            "value": 0.12520693242549896,
            "min": -0.5258967280387878,
            "max": 0.6610758900642395,
            "count": 327
        },
        "SnakeAgent.Policy.ExtrinsicValue.sum": {
            "value": 2.504138708114624,
            "min": -10.517934799194336,
            "max": 14.543669700622559,
            "count": 327
        },
        "SnakeAgent.Environment.EpisodeLength.mean": {
            "value": 199.0,
            "min": 95.8,
            "max": 349.0,
            "count": 327
        },
        "SnakeAgent.Environment.EpisodeLength.sum": {
            "value": 995.0,
            "min": 398.0,
            "max": 1793.0,
            "count": 327
        },
        "SnakeAgent.Environment.CumulativeReward.mean": {
            "value": 0.5030000403523445,
            "min": -2.2418888724512525,
            "max": 2.7006249367259443,
            "count": 327
        },
        "SnakeAgent.Environment.CumulativeReward.sum": {
            "value": 2.5150002017617226,
            "min": -20.17699985206127,
            "max": 10.802499746903777,
            "count": 327
        },
        "SnakeAgent.Policy.ExtrinsicReward.mean": {
            "value": 0.5030000403523445,
            "min": -2.2418888724512525,
            "max": 2.7006249367259443,
            "count": 327
        },
        "SnakeAgent.Policy.ExtrinsicReward.sum": {
            "value": 2.5150002017617226,
            "min": -20.17699985206127,
            "max": 10.802499746903777,
            "count": 327
        },
        "SnakeAgent.IsTraining.mean": {
            "value": 1.0,
            "min": 1.0,
            "max": 1.0,
            "count": 327
        },
        "SnakeAgent.IsTraining.sum": {
            "value": 1.0,
            "min": 1.0,
            "max": 1.0,
            "count": 327
        },
        "SnakeAgent.Losses.PolicyLoss.mean": {
            "value": -0.135542289867465,
            "min": -0.6413827342890157,
            "max": -0.05481983490203909,
            "count": 317
        },
        "SnakeAgent.Losses.PolicyLoss.sum": {
            "value": -13.5542289867465,
            "min": -66.39088118856861,
            "max": -5.591623160007987,
            "count": 317
        },
        "SnakeAgent.Losses.ValueLoss.mean": {
            "value": 0.00012075971241711158,
            "min": 8.385214412161202e-05,
            "max": 0.005506303715426243,
            "count": 317
        },
        "SnakeAgent.Losses.ValueLoss.sum": {
            "value": 0.012075971241711158,
            "min": 0.00830136226803959,
            "max": 0.5230988529654931,
            "count": 317
        },
        "SnakeAgent.Losses.Q1Loss.mean": {
            "value": 0.00045047984855154066,
            "min": 0.00020028352701687943,
            "max": 0.013239806070955897,
            "count": 317
        },
        "SnakeAgent.Losses.Q1Loss.sum": {
            "value": 0.045047984855154065,
            "min": 0.020028352701687943,
            "max": 1.2577815767408103,
            "count": 317
        },
        "SnakeAgent.Losses.Q2Loss.mean": {
            "value": 0.000490827112628332,
            "min": 0.00018453469148638153,
            "max": 0.012132254574919949,
            "count": 317
        },
        "SnakeAgent.Losses.Q2Loss.sum": {
            "value": 0.0490827112628332,
            "min": 0.018453469148638154,
            "max": 1.152564184617395,
            "count": 317
        },
        "SnakeAgent.Policy.ContinuousEntropyCoeff.mean": {
            "value": 0.0002416077428511233,
            "min": 0.00023016489517716337,
            "max": 0.0295850208437159,
            "count": 317
        },
        "SnakeAgent.Policy.ContinuousEntropyCoeff.sum": {
            "value": 0.02416077428511233,
            "min": 0.021651458585568308,
            "max": 2.901926984267318,
            "count": 317
        },
        "SnakeAgent.Policy.LearningRate.mean": {
            "value": 0.00030000000000000003,
            "min": 0.0002999999999999999,
            "max": 0.0003000000000000001,
            "count": 317
        },
        "SnakeAgent.Policy.LearningRate.sum": {
            "value": 0.030000000000000002,
            "min": 0.028200000000000006,
            "max": 0.0327,
            "count": 317
        }
    },
    "metadata": {
        "timer_format_version": "0.1.0",
        "start_time_seconds": "1739882839",
        "python_version": "3.10.12 | packaged by Anaconda, Inc. | (main, Jul  5 2023, 19:01:18) [MSC v.1916 64 bit (AMD64)]",
        "command_line_arguments": "C:\\Users\\thorb\\Anaconda3\\envs\\mlagents\\Scripts\\mlagents-learn config/SnakeAgent.yaml --run-id=MTB_SnakeGun_SACYaml2 --force",
        "mlagents_version": "1.1.0",
        "mlagents_envs_version": "1.1.0",
        "communication_protocol_version": "1.5.0",
        "pytorch_version": "2.2.2+cu121",
        "numpy_version": "1.23.5",
        "end_time_seconds": "1739889342"
    },
    "total": 6502.519490399998,
    "count": 1,
    "self": 0.008417399996687891,
    "children": {
        "run_training.setup": {
            "total": 0.1421102999993309,
            "count": 1,
            "self": 0.1421102999993309
        },
        "TrainerController.start_learning": {
            "total": 6502.368962700002,
            "count": 1,
            "self": 1.9773211000865558,
            "children": {
                "TrainerController._reset_env": {
                    "total": 13.836861200001294,
                    "count": 1,
                    "self": 13.836861200001294
                },
                "TrainerController.advance": {
                    "total": 6486.100216099916,
                    "count": 83329,
                    "self": 1.9261338003489072,
                    "children": {
                        "env_step": {
                            "total": 4601.665680300306,
                            "count": 83329,
                            "self": 4200.144292701134,
                            "children": {
                                "SubprocessEnvManager._take_step": {
                                    "total": 399.59258449943445,
                                    "count": 83329,
                                    "self": 7.005125300023792,
                                    "children": {
                                        "TorchPolicy.evaluate": {
                                            "total": 392.58745919941066,
                                            "count": 82002,
                                            "self": 392.58745919941066
                                        }
                                    }
                                },
                                "workers": {
                                    "total": 1.9288030997377064,
                                    "count": 83328,
                                    "self": 0.0,
                                    "children": {
                                        "worker_root": {
                                            "total": 6419.968881701112,
                                            "count": 83328,