{
    "name": "root",
    "gauges": {
        "SnakeAgent.Policy.Entropy.mean": {
            "value": 0.7717408537864685,
            "min": 0.7437018156051636,
            "max": 1.4218558073043823,
            "count": 93
        },
        "SnakeAgent.Policy.Entropy.sum": {
            "value": 821.9039916992188,
            "min": 716.9285278320312,
            "max": 1483.3809814453125,
            "count": 93
        },
        "SnakeAgent.Step.mean": {
            "value": 92995.0,
            "min": 978.0,
            "max": 92995.0,
            "count": 93
        },
        "SnakeAgent.Step.sum": {
            "value": 92995.0,
            "min": 978.0,
            "max": 92995.0,
            "count": 93
        },
        "SnakeAgent.Policy.ExtrinsicValue.mean": {
            "value": -0.29455772042274475,
            "min": -2.3270645141601562,
            "max": 0.4792407155036926,
            "count": 93
        },
        "SnakeAgent.Policy.ExtrinsicValue.sum": {
            "value": -7.658500671386719,
            "min": -121.00735473632812,
            "max": 7.865710258483887,
            "count": 93
        },
        "SnakeAgent.Environment.EpisodeLength.mean": {
            "value": 48.76190476190476,
            "min": 19.617021276595743,
            "max": 299.0,
            "count": 93
        },
        "SnakeAgent.Environment.EpisodeLength.sum": {
            "value": 1024.0,
            "min": 776.0,
            "max": 1196.0,
            "count": 93
        },
        "SnakeAgent.Environment.CumulativeReward.mean": {
            "value": -5.245526965175356,
            "min": -5.245526965175356,
            "max": 14.39684514204661,
            "count": 93
        },
        "SnakeAgent.Environment.CumulativeReward.sum": {
            "value": -110.15606626868248,
            "min": -110.15606626868248,
            "max": 43.19053542613983,
            "count": 93
        },
        "SnakeAgent.Policy.ExtrinsicReward.mean": {
            "value": -5.245526965175356,
            "min": -5.245526965175356,
            "max": 14.39684514204661,
            "count": 93
        },
        "SnakeAgent.Policy.ExtrinsicReward.sum": {
            "value": -110.15606626868248,
            "min": -110.15606626868248,
            "max": 43.19053542613983,
            "count": 93
        },
        "SnakeAgent.IsTraining.mean": {
            "value": 1.0,
            "min": 1.0,
            "max": 1.0,
            "count": 93
        },
        "SnakeAgent.IsTraining.sum": {
            "value": 1.0,
            "min": 1.0,
            "max": 1.0,
            "count": 93
        },
        "SnakeAgent.Losses.PolicyLoss.mean": {
            "value": 0.8327974577853967,
            "min": -0.35184494839654823,
            "max": 0.8327974577853967,
            "count": 83
        },
        "SnakeAgent.Losses.PolicyLoss.sum": {
            "value": 86.61093560968126,
            "min": -36.240029684844465,
            "max": 86.61093560968126,
            "count": 83
        },
        "SnakeAgent.Losses.ValueLoss.mean": {
            "value": 0.02644811762863985,
            "min": 0.0008709956577738915,
            "max": 0.030943291865431034,
            "count": 83
        },
        "SnakeAgent.Losses.ValueLoss.sum": {
            "value": 2.750604233378544,
            "min": 0.08822540114869341,
            "max": 3.015423191462954,
            "count": 83
        },
        "SnakeAgent.Losses.Q1Loss.mean": {
            "value": 0.19457683411031115,
            "min": 0.0036832743194939697,
            "max": 0.19457683411031115,
            "count": 83
        },
        "SnakeAgent.Losses.Q1Loss.sum": {
            "value": 20.23599074747236,
            "min": 0.3793772549078789,
            "max": 20.23599074747236,
            "count": 83
        },
        "SnakeAgent.Losses.Q2Loss.mean": {
            "value": 0.19372415767023993,
            "min": 0.00400325326638605,
            "max": 0.19372415767023993,
            "count": 83
        },
        "SnakeAgent.Losses.Q2Loss.sum": {
            "value": 20.14731239770495,
            "min": 0.4043285799049911,
            "max": 20.14731239770495,
            "count": 83
        },
        "SnakeAgent.Policy.ContinuousEntropyCoeff.mean": {
            "value": 0.0029376570696696457,
            "min": 0.0029376570696696457,
            "max": 0.029593151928705992,
            "count": 83
        },
        "SnakeAgent.Policy.ContinuousEntropyCoeff.sum": {
            "value": 0.30551633524564314,
            "min": 0.2836860557491448,
            "max": 2.9322994653046837,
            "count": 83
        },
        "SnakeAgent.Policy.LearningRate.mean": {
            "value": 0.0003,
            "min": 0.0002999999999999999,
            "max": 0.0003000000000000001,
            "count": 83
        },
        "SnakeAgent.Policy.LearningRate.sum": {
            "value": 0.031199999999999995,
            "min": 0.028200000000000006,
            "max": 0.03149999999999999,
            "count": 83
        }
    },
    "metadata": {
        "timer_format_version": "0.1.0",
        "start_time_seconds": "1739898317",
        "python_version": "3.10.12 | packaged by Anaconda, Inc. | (main, Jul  5 2023, 19:01:18) [MSC v.1916 64 bit (AMD64)]",
        "command_line_arguments": "C:\\Users\\thorb\\Anaconda3\\envs\\mlagents\\Scripts\\mlagents-learn config/SnakeAgent.yaml --run-id=MTB_SnakeGun_SAC_NewTry2 --force",
        "mlagents_version": "1.1.0",
        "mlagents_envs_version": "1.1.0",
        "communication_protocol_version": "1.5.0",
        "pytorch_version": "2.2.2+cu121",
        "numpy_version": "1.23.5",
        "end_time_seconds": "1739903650"
    },
    "total": 5332.874808800003,
    "count": 1,
    "self": 0.01754580000124406,
    "children": {
        "run_training.setup": {
            "total": 0.1336241000026348,
            "count": 1,
            "self": 0.1336241000026348
        },
        "TrainerController.start_learning": {
            "total": 5332.723638899999,
            "count": 1,
            "self": 2.307060700652073,
            "children": {
                "TrainerController._reset_env": {
                    "total": 13.315422600000602,
                    "count": 1,
                    "self": 13.315422600000602
                },
                "TrainerController.advance": {
                    "total": 5316.480971499346,
                    "count": 94290,
                    "self": 2.442257600119774,
                    "children": {
                        "env_step": {
                            "total": 4753.732363999225,
                            "count": 94290,
                            "self": 4269.60529060095,
                            "children": {
                                "SubprocessEnvManager._take_step": {
                                    "total": 481.7911684001265,
                                    "count": 94294,
                                    "self": 9.049749499165046,
                                    "children": {
                                        "TorchPolicy.evaluate": {
                                            "total": 472.74141890096143,
                                            "count": 93853,
                                            "self": 472.74141890096143
                                        }
                                    }
                                },
                                "workers": {
                                    "total": 2.3359049981481803,
                                    "count": 94289,
                                    "self": 0.0,
                                    "children": {
                                        "worker_root": {
                                            "total": 5113.317962699039,
                                            "count": 94289,