{
    "name": "root",
    "gauges": {
        "SnakeAgent.Policy.Entropy.mean": {
            "value": 1.4189382791519165,
            "min": 1.4189382791519165,
            "max": 1.4189382791519165,
            "count": 1
        },
        "SnakeAgent.Policy.Entropy.sum": {
            "value": 1465.76318359375,
            "min": 1465.76318359375,
            "max": 1465.76318359375,
            "count": 1
        },
        "SnakeAgent.Step.mean": {
            "value": 969.0,
            "min": 969.0,
            "max": 969.0,
            "count": 1
        },
        "SnakeAgent.Step.sum": {
            "value": 969.0,
            "min": 969.0,
            "max": 969.0,
            "count": 1
        },
        "SnakeAgent.Policy.ExtrinsicValueEstimate.mean": {
            "value": 0.060908980667591095,
            "min": 0.060908980667591095,
            "max": 0.060908980667591095,
            "count": 1
        },
        "SnakeAgent.Policy.ExtrinsicValueEstimate.sum": {
            "value": 1.0963616371154785,
            "min": 1.0963616371154785,
            "max": 1.0963616371154785,
            "count": 1
        },
        "SnakeAgent.Environment.EpisodeLength.mean": {
            "value": 192.8,
            "min": 192.8,
            "max": 192.8,
            "count": 1
        },
        "SnakeAgent.Environment.EpisodeLength.sum": {
            "value": 964.0,
            "min": 964.0,
            "max": 964.0,
            "count": 1
        },
        "SnakeAgent.Environment.CumulativeReward.mean": {
            "value": -1.6320000162348152,
            "min": -1.6320000162348152,
            "max": -1.6320000162348152,
            "count": 1
        },
        "SnakeAgent.Environment.CumulativeReward.sum": {
            "value": -8.160000081174076,
            "min": -8.160000081174076,
            "max": -8.160000081174076,
            "count": 1
        },
        "SnakeAgent.Policy.ExtrinsicReward.mean": {
            "value": -1.6320000162348152,
            "min": -1.6320000162348152,
            "max": -1.6320000162348152,
            "count": 1
        },
        "SnakeAgent.Policy.ExtrinsicReward.sum": {
            "value": -8.160000081174076,
            "min": -8.160000081174076,
            "max": -8.160000081174076,
            "count": 1
        },
        "SnakeAgent.IsTraining.mean": {
            "value": 1.0,
            "min": 1.0,
            "max": 1.0,
            "count": 1
        },
        "SnakeAgent.IsTraining.sum": {
            "value": 1.0,
            "min": 1.0,
            "max": 1.0,
            "count": 1
        }
    },
    "metadata": {
        "timer_format_version": "0.1.0",
        "start_time_seconds": "1739701481",
        "python_version": "3.10.12 | packaged by Anaconda, Inc. | (main, Jul  5 2023, 19:01:18) [MSC v.1916 64 bit (AMD64)]",
        "command_line_arguments": "C:\\Users\\Bjark\\miniconda3\\envs\\mlagents\\Scripts\\mlagents-learn config/SnakeAgent.yaml --run-id=Arctic --force",
        "mlagents_version": "1.1.0",
        "mlagents_envs_version": "1.1.0",
        "communication_protocol_version": "1.5.0",
        "pytorch_version": "2.2.2+cu121",
        "numpy_version": "1.23.5",
        "end_time_seconds": "1739701613"
    },
    "total": 132.37982539995573,
    "count": 1,
    "self": 0.007273300085216761,
    "children": {
        "run_training.setup": {
            "total": 0.10068239993415773,
            "count": 1,
            "self": 0.10068239993415773
        },
        "TrainerController.start_learning": {
            "total": 132.27186969993636,
            "count": 1,
            "self": 0.031151901348493993,
            "children": {
                "TrainerController._reset_env": {
                    "total": 10.287097600055858,
                    "count": 1,
                    "self": 10.287097600055858
                },
                "TrainerController.advance": {
                    "total": 121.7617629985325,
                    "count": 1488,
                    "self": 0.02935369615443051,
                    "children": {
                        "env_step": {
                            "total": 121.41506590275094,
                            "count": 1488,
                            "self": 115.53789829823654,
                            "children": {
                                "SubprocessEnvManager._take_step": {
                                    "total": 5.84965620120056,
                                    "count": 1488,
                                    "self": 0.08948949968907982,
                                    "children": {
                                        "TorchPolicy.evaluate": {
                                            "total": 5.76016670151148,
                                            "count": 1482,
                                            "self": 5.76016670151148
                                        }
                                    }
                                },
                                "workers": {
                                    "total": 0.027511403313837945,
                                    "count": 1487,
                                    "self": 0.0,
                                    "children": {
                                        "worker_root": {
                                            "total": 60.53069130086806,
                                            "count": 1487,
                                            "is_parallel": true,
                                            "self": 9.110029601608403,
                                            "children": {
                                                "steps_from_proto": {
                                                    "total": 0.026254699914716184,
                                                    "count": 1,
                                                    "is_parallel": true,
                                                    "self": 0.0001137999352067709,
                                                    "children": {
                                                        "_process_maybe_compressed_observation": {
                                                            "total": 0.024910799926146865,
                                                            "count": 2,
                                                            "is_parallel": true,
                                                            "self": 3.6899931728839874e-05,
                                                            "children": {
                                                                "_observation_to_np_array": {
                                                                    "total": 0.024873899994418025,
                                                                    "count": 1,
                                                                    "is_parallel": true,
                                                                    "self": 3.23000131174922e-05,
                                                                    "children": {
                                                                        "process_pixels": {
                                                                            "total": 0.024841599981300533,
                                                                            "count": 1,
                                                                            "is_parallel": true,
                                                                            "self": 0.0011813999153673649,
                                                                            "children": {
                                                                                "image_decompress": {
                                                                                    "total": 0.023660200065933168,